Vehicle Number,Vehicle ID,Violation Type,Timestamp,Frame Number,Location,Time Slot,Latitude,Longitude,Confidence Score,Riders Count
UNKNOWN,2,Triple Riding,2026-06-12 21:33:52,3,"267,207",21:00-22:00,18.5204,73.8567,0.6221,3
UNKNOWN,8,Triple Riding,2026-06-12 21:33:52,3,"332,308",21:00-22:00,18.5204,73.8567,0.5274,3
UNKNOWN,2,Signal Jumping,2026-06-12 21:33:54,3,Junction A,21:00-22:00,18.5204,73.8567,0.95,0
UNKNOWN,4,Signal Jumping,2026-06-12 21:33:54,3,Junction A,21:00-22:00,18.5204,73.8567,0.95,0
UNKNOWN,2,Triple Riding,2026-06-12 21:34:03,3,"267,207",21:00-22:00,18.5204,73.8567,0.6221,3
UNKNOWN,8,Triple Riding,2026-06-12 21:34:03,3,"332,308",21:00-22:00,18.5204,73.8567,0.5274,3
UNKNOWN,-1,No Helmet,2026-06-12 21:34:05,15,Junction A,21:00-22:00,18.5204,73.8567,0.4913,0
UNKNOWN,9,Signal Jumping,2026-06-12 21:34:15,33,Junction A,21:00-22:00,18.5204,73.8567,0.95,0
UNKNOWN,25,Triple Riding,2026-06-12 21:34:25,48,"235,304",21:00-22:00,18.5204,73.8567,0.425,4
UNKNOWN,25,Signal Jumping,2026-06-12 21:34:41,75,Junction A,21:00-22:00,18.5204,73.8567,0.95,0
UNKNOWN,53,Signal Jumping,2026-06-12 21:34:45,81,Junction A,21:00-22:00,18.5204,73.8567,0.95,0
UNKNOWN,53,Triple Riding,2026-06-12 21:34:46,84,"130,260",21:00-22:00,18.5204,73.8567,0.5612,3
UNKNOWN,8,Signal Jumping,2026-06-12 21:34:55,99,Junction A,21:00-22:00,18.5204,73.8567,0.95,0
UNKNOWN,53,Triple Riding,2026-06-12 21:35:03,114,"77,242",21:00-22:00,18.5204,73.8567,0.4941,4
UNKNOWN,-1,No Helmet,2026-06-12 21:35:12,141,Junction A,21:00-22:00,18.5204,73.8567,0.6026,0
UNKNOWN,150,Signal Jumping,2026-06-12 21:35:13,144,Junction A,21:00-22:00,18.5204,73.8567,0.95,0
UNKNOWN,152,Signal Jumping,2026-06-12 21:35:13,144,Junction A,21:00-22:00,18.5204,73.8567,0.95,0
UNKNOWN,150,Triple Riding,2026-06-12 21:35:15,159,"185,208",21:00-22:00,18.5204,73.8567,0.6794,3
UNKNOWN,194,Signal Jumping,2026-06-12 21:35:18,183,Junction A,21:00-22:00,18.5204,73.8567,0.95,0
UNKNOWN,150,Triple Riding,2026-06-12 21:35:18,189,"169,191",21:00-22:00,18.5204,73.8567,0.61,4
UNKNOWN,204,Triple Riding,2026-06-12 21:35:19,192,"171,201",21:00-22:00,18.5204,73.8567,0.6349,4
UNKNOWN,213,Signal Jumping,2026-06-12 21:35:20,198,Junction A,21:00-22:00,18.5204,73.8567,0.95,0
UNKNOWN,219,Triple Riding,2026-06-12 21:35:20,204,"175,194",21:00-22:00,18.5204,73.8567,0.6843,3
UNKNOWN,150,Triple Riding,2026-06-12 21:35:22,219,"163,175",21:00-22:00,18.5204,73.8567,0.7133,3
UNKNOWN,238,Signal Jumping,2026-06-12 21:35:26,246,Junction A,21:00-22:00,18.5204,73.8567,0.95,0
UNKNOWN,150,Triple Riding,2026-06-12 21:35:26,249,"162,153",21:00-22:00,18.5204,73.8567,0.6554,3
UNKNOWN,169,Triple Riding,2026-06-12 21:35:28,261,"37,199",21:00-22:00,18.5204,73.8567,0.4442,3
UNKNOWN,220,Signal Jumping,2026-06-12 21:35:35,318,Junction A,21:00-22:00,18.5204,73.8567,0.95,0
UNKNOWN,306,Triple Riding,2026-06-12 21:35:36,330,"147,141",21:00-22:00,18.5204,73.8567,0.4036,3
UNKNOWN,192,Triple Riding,2026-06-12 21:35:37,333,"149,328",21:00-22:00,18.5204,73.8567,0.7228,3
UNKNOWN,150,Triple Riding,2026-06-12 21:35:38,345,"129,128",21:00-22:00,18.5204,73.8567,0.632,4
UNKNOWN,266,Triple Riding,2026-06-12 21:35:39,348,"149,329",21:00-22:00,18.5204,73.8567,0.6918,3
UNKNOWN,306,Triple Riding,2026-06-12 21:35:40,363,"137,135",21:00-22:00,18.5204,73.8567,0.4119,3
UNKNOWN,192,Triple Riding,2026-06-12 21:35:41,372,"150,326",21:00-22:00,18.5204,73.8567,0.6763,3
UNKNOWN,372,Triple Riding,2026-06-12 21:35:42,378,"31,199",21:00-22:00,18.5204,73.8567,0.5185,5
UNKNOWN,372,Triple Riding,2026-06-12 21:35:46,408,"35,199",21:00-22:00,18.5204,73.8567,0.6547,5
UNKNOWN,306,Triple Riding,2026-06-12 21:35:46,408,"128,127",21:00-22:00,18.5204,73.8567,0.5827,3
UNKNOWN,192,Triple Riding,2026-06-12 21:35:49,432,"155,328",21:00-22:00,18.5204,73.8567,0.741,3
UNKNOWN,333,Triple Riding,2026-06-12 21:35:49,435,"57,145",21:00-22:00,18.5204,73.8567,0.5448,4
UNKNOWN,372,Triple Riding,2026-06-12 21:35:50,438,"27,193",21:00-22:00,18.5204,73.8567,0.6249,4
UNKNOWN,306,Triple Riding,2026-06-12 21:35:50,438,"123,120",21:00-22:00,18.5204,73.8567,0.5982,3
UNKNOWN,445,Triple Riding,2026-06-12 21:35:51,447,"109,117",21:00-22:00,18.5204,73.8567,0.5783,4
UNKNOWN,400,Signal Jumping,2026-06-12 21:35:53,459,Junction A,21:00-22:00,18.5204,73.8567,0.95,0
UNKNOWN,192,Triple Riding,2026-06-12 21:35:53,462,"152,327",21:00-22:00,18.5204,73.8567,0.6724,3
UNKNOWN,372,Triple Riding,2026-06-12 21:35:54,468,"28,185",21:00-22:00,18.5204,73.8567,0.5722,3
UNKNOWN,400,Triple Riding,2026-06-12 21:35:54,471,"235,244",21:00-22:00,18.5204,73.8567,0.6417,3
UNKNOWN,372,Triple Riding,2026-06-12 21:35:57,498,"23,174",21:00-22:00,18.5204,73.8567,0.4715,3
UNKNOWN,-1,No Helmet,2026-06-12 21:35:58,498,Junction A,21:00-22:00,18.5204,73.8567,0.3614,0
UNKNOWN,400,Triple Riding,2026-06-12 21:35:58,501,"170,193",21:00-22:00,18.5204,73.8567,0.6211,3
UNKNOWN,-1,No Helmet,2026-06-12 21:35:58,501,Junction A,21:00-22:00,18.5204,73.8567,0.5001,0
UNKNOWN,372,Triple Riding,2026-06-12 21:36:02,528,"25,163",21:00-22:00,18.5204,73.8567,0.493,4
UNKNOWN,400,Triple Riding,2026-06-12 21:36:04,531,"129,160",21:00-22:00,18.5204,73.8567,0.5263,6
UNKNOWN,530,Triple Riding,2026-06-12 21:36:06,534,"423,155",21:00-22:00,18.5204,73.8567,0.5827,5
UNKNOWN,2,Triple Riding,2026-06-12 21:39:05,3,"267,207",21:00-22:00,18.5204,73.8567,0.6221,3
UNKNOWN,8,Triple Riding,2026-06-12 21:39:05,3,"332,308",21:00-22:00,18.5204,73.8567,0.5274,3
UNKNOWN,2,Signal Jumping,2026-06-12 21:39:06,3,Junction A,21:00-22:00,18.5204,73.8567,0.95,0
UNKNOWN,4,Signal Jumping,2026-06-12 21:39:06,3,Junction A,21:00-22:00,18.5204,73.8567,0.95,0
UNKNOWN,-1,No Helmet,2026-06-12 21:39:12,12,Junction A,21:00-22:00,18.5204,73.8567,0.4299,0
UNKNOWN,-1,No Helmet,2026-06-12 21:39:14,15,Junction A,21:00-22:00,18.5204,73.8567,0.4812,0
UNKNOWN,-1,No Helmet,2026-06-12 21:39:17,21,Junction A,21:00-22:00,18.5204,73.8567,0.4241,0
UNKNOWN,-1,No Helmet,2026-06-12 21:39:19,24,Junction A,21:00-22:00,18.5204,73.8567,0.2596,0
UNKNOWN,-1,No Helmet,2026-06-12 21:39:24,33,Junction A,21:00-22:00,18.5204,73.8567,0.2608,0
UNKNOWN,9,Signal Jumping,2026-06-12 21:39:24,33,Junction A,21:00-22:00,18.5204,73.8567,0.95,0
UNKNOWN,25,Triple Riding,2026-06-12 21:39:32,48,"235,304",21:00-22:00,18.5204,73.8567,0.425,4
UNKNOWN,25,Signal Jumping,2026-06-12 21:39:47,75,Junction A,21:00-22:00,18.5204,73.8567,0.95,0
UNKNOWN,53,Signal Jumping,2026-06-12 21:39:50,81,Junction A,21:00-22:00,18.5204,73.8567,0.95,0
UNKNOWN,53,Triple Riding,2026-06-12 21:39:53,84,"130,260",21:00-22:00,18.5204,73.8567,0.5612,3
UNKNOWN,8,Signal Jumping,2026-06-12 21:40:03,99,Junction A,21:00-22:00,18.5204,73.8567,0.95,0
UNKNOWN,53,Triple Riding,2026-06-12 21:40:11,114,"77,242",21:00-22:00,18.5204,73.8567,0.4941,4
UNKNOWN,-1,No Helmet,2026-06-12 21:40:27,141,Junction A,21:00-22:00,18.5204,73.8567,0.635,0
UNKNOWN,-1,No Helmet,2026-06-12 21:40:28,144,Junction A,21:00-22:00,18.5204,73.8567,0.466,0
UNKNOWN,150,Signal Jumping,2026-06-12 21:40:28,144,Junction A,21:00-22:00,18.5204,73.8567,0.95,0
UNKNOWN,152,Signal Jumping,2026-06-12 21:40:28,144,Junction A,21:00-22:00,18.5204,73.8567,0.95,0
UNKNOWN,150,Triple Riding,2026-06-12 21:40:36,159,"185,208",21:00-22:00,18.5204,73.8567,0.6794,3
UNKNOWN,-1,No Helmet,2026-06-12 21:40:37,162,Junction A,21:00-22:00,18.5204,73.8567,0.2593,0
UNKNOWN,-1,No Helmet,2026-06-12 21:40:40,165,Junction A,21:00-22:00,18.5204,73.8567,0.2829,0
UNKNOWN,-1,No Helmet,2026-06-12 21:40:43,177,Junction A,21:00-22:00,18.5204,73.8567,0.2514,0
UNKNOWN,194,Signal Jumping,2026-06-12 21:40:43,183,Junction A,21:00-22:00,18.5204,73.8567,0.95,0
UNKNOWN,150,Triple Riding,2026-06-12 21:40:44,189,"169,191",21:00-22:00,18.5204,73.8567,0.61,4
UNKNOWN,204,Triple Riding,2026-06-12 21:40:44,192,"171,201",21:00-22:00,18.5204,73.8567,0.6349,4
UNKNOWN,213,Signal Jumping,2026-06-12 21:40:45,198,Junction A,21:00-22:00,18.5204,73.8567,0.95,0
UNKNOWN,219,Triple Riding,2026-06-12 21:40:46,204,"175,194",21:00-22:00,18.5204,73.8567,0.6843,3
UNKNOWN,150,Triple Riding,2026-06-12 21:40:48,219,"163,175",21:00-22:00,18.5204,73.8567,0.7133,3
UNKNOWN,238,Signal Jumping,2026-06-12 21:40:57,246,Junction A,21:00-22:00,18.5204,73.8567,0.95,0
UNKNOWN,150,Triple Riding,2026-06-12 21:40:57,249,"162,153",21:00-22:00,18.5204,73.8567,0.6554,3
UNKNOWN,-1,No Helmet,2026-06-12 21:40:58,258,Junction A,21:00-22:00,18.5204,73.8567,0.4158,0
UNKNOWN,169,Triple Riding,2026-06-12 21:40:59,261,"37,199",21:00-22:00,18.5204,73.8567,0.4442,3
UNKNOWN,-1,No Helmet,2026-06-12 21:41:02,273,Junction A,21:00-22:00,18.5204,73.8567,0.2716,0
UNKNOWN,220,Signal Jumping,2026-06-12 21:41:23,318,Junction A,21:00-22:00,18.5204,73.8567,0.95,0
UNKNOWN,-1,No Helmet,2026-06-12 21:41:25,327,Junction A,21:00-22:00,18.5204,73.8567,0.4001,0
UNKNOWN,306,Triple Riding,2026-06-12 21:41:25,330,"147,141",21:00-22:00,18.5204,73.8567,0.4036,3
UNKNOWN,-1,No Helmet,2026-06-12 21:41:25,330,Junction A,21:00-22:00,18.5204,73.8567,0.3599,0
UNKNOWN,192,Triple Riding,2026-06-12 21:41:25,333,"149,328",21:00-22:00,18.5204,73.8567,0.7228,3
UNKNOWN,-1,No Helmet,2026-06-12 21:41:27,336,Junction A,21:00-22:00,18.5204,73.8567,0.608,0
UNKNOWN,-1,No Helmet,2026-06-12 21:41:30,339,Junction A,21:00-22:00,18.5204,73.8567,0.7286,0
UNKNOWN,2,Triple Riding,2026-06-12 21:46:26,3,Junction A,21:00-22:00,18.5204,73.8567,0.6221,3
UNKNOWN,8,Triple Riding,2026-06-12 21:46:26,3,Junction A,21:00-22:00,18.5204,73.8567,0.5274,3
UNKNOWN,-1,No Helmet,2026-06-12 21:46:32,12,Junction A,21:00-22:00,18.5204,73.8567,0.4299,0
UNKNOWN,-1,No Helmet,2026-06-12 21:46:34,15,Junction A,21:00-22:00,18.5204,73.8567,0.4752,0
UNKNOWN,-1,No Helmet,2026-06-12 21:46:38,21,Junction A,21:00-22:00,18.5204,73.8567,0.4241,0
UNKNOWN,-1,No Helmet,2026-06-12 21:46:40,24,Junction A,21:00-22:00,18.5204,73.8567,0.2596,0
UNKNOWN,-1,No Helmet,2026-06-12 21:46:45,33,Junction A,21:00-22:00,18.5204,73.8567,0.2608,0
UNKNOWN,25,Triple Riding,2026-06-12 21:46:52,48,Junction A,21:00-22:00,18.5204,73.8567,0.425,4
UNKNOWN,-1,No Helmet,2026-06-12 21:47:00,60,Junction A,21:00-22:00,18.5204,73.8567,0.2608,0
UNKNOWN,-1,No Helmet,2026-06-12 21:47:02,63,Junction A,21:00-22:00,18.5204,73.8567,0.2728,0
UNKNOWN,-1,No Helmet,2026-06-12 21:47:09,75,Junction A,21:00-22:00,18.5204,73.8567,0.2516,0
UNKNOWN,-1,No Helmet,2026-06-12 21:47:11,78,Junction A,21:00-22:00,18.5204,73.8567,0.3111,0
UNKNOWN,53,Triple Riding,2026-06-12 21:47:14,84,Junction A,21:00-22:00,18.5204,73.8567,0.5612,3
UNKNOWN,-1,No Helmet,2026-06-12 21:47:56,6,Junction A,21:00-22:00,18.5204,73.8567,0.2889,0
UNKNOWN,12,Triple Riding,2026-06-12 21:47:57,9,Junction A,21:00-22:00,18.5204,73.8567,0.4677,3
UNKNOWN,-1,No Helmet,2026-06-12 21:47:58,9,Junction A,21:00-22:00,18.5204,73.8567,0.4288,0
UNKNOWN,-1,No Helmet,2026-06-12 21:48:00,12,Junction A,21:00-22:00,18.5204,73.8567,0.3258,0
UNKNOWN,-1,No Helmet,2026-06-12 21:48:02,15,Junction A,21:00-22:00,18.5204,73.8567,0.4016,0
UNKNOWN,-1,No Helmet,2026-06-12 21:48:04,18,Junction A,21:00-22:00,18.5204,73.8567,0.4355,0
UNKNOWN,-1,No Helmet,2026-06-12 21:48:06,21,Junction A,21:00-22:00,18.5204,73.8567,0.5443,0
UNKNOWN,-1,No Helmet,2026-06-12 21:48:08,24,Junction A,21:00-22:00,18.5204,73.8567,0.5206,0
UNKNOWN,-1,No Helmet,2026-06-12 21:48:10,27,Junction A,21:00-22:00,18.5204,73.8567,0.3963,0
UNKNOWN,-1,No Helmet,2026-06-12 21:48:12,30,Junction A,21:00-22:00,18.5204,73.8567,0.4194,0
UNKNOWN,-1,No Helmet,2026-06-12 21:48:13,33,Junction A,21:00-22:00,18.5204,73.8567,0.5178,0
UNKNOWN,-1,No Helmet,2026-06-12 21:48:15,36,Junction A,21:00-22:00,18.5204,73.8567,0.5414,0
UNKNOWN,-1,No Helmet,2026-06-12 21:48:17,39,Junction A,21:00-22:00,18.5204,73.8567,0.6055,0
UNKNOWN,-1,No Helmet,2026-06-12 21:48:19,42,Junction A,21:00-22:00,18.5204,73.8567,0.5783,0
UNKNOWN,-1,No Helmet,2026-06-12 21:48:21,45,Junction A,21:00-22:00,18.5204,73.8567,0.61,0
UNKNOWN,-1,No Helmet,2026-06-12 21:48:23,48,Junction A,21:00-22:00,18.5204,73.8567,0.5225,0
UNKNOWN,-1,No Helmet,2026-06-12 21:48:25,51,Junction A,21:00-22:00,18.5204,73.8567,0.4,0
UNKNOWN,-1,No Helmet,2026-06-12 21:48:25,51,Junction A,21:00-22:00,18.5204,73.8567,0.2665,0
UNKNOWN,-1,No Helmet,2026-06-12 21:48:27,54,Junction A,21:00-22:00,18.5204,73.8567,0.4166,0
UNKNOWN,-1,No Helmet,2026-06-12 21:48:27,54,Junction A,21:00-22:00,18.5204,73.8567,0.3711,0
UNKNOWN,-1,No Helmet,2026-06-12 21:48:28,57,Junction A,21:00-22:00,18.5204,73.8567,0.4829,0
UNKNOWN,-1,No Helmet,2026-06-12 21:48:28,57,Junction A,21:00-22:00,18.5204,73.8567,0.2964,0
UNKNOWN,-1,No Helmet,2026-06-12 21:48:31,60,Junction A,21:00-22:00,18.5204,73.8567,0.6836,0
UNKNOWN,-1,No Helmet,2026-06-12 21:48:31,60,Junction A,21:00-22:00,18.5204,73.8567,0.2969,0
UNKNOWN,-1,No Helmet,2026-06-12 21:48:32,63,Junction A,21:00-22:00,18.5204,73.8567,0.67,0
UNKNOWN,-1,No Helmet,2026-06-12 21:48:32,63,Junction A,21:00-22:00,18.5204,73.8567,0.317,0
UNKNOWN,80,Triple Riding,2026-06-12 21:48:34,66,Junction A,21:00-22:00,18.5204,73.8567,0.6444,3
UNKNOWN,-1,No Helmet,2026-06-12 21:48:34,66,Junction A,21:00-22:00,18.5204,73.8567,0.5793,0
UNKNOWN,-1,No Helmet,2026-06-12 21:48:34,66,Junction A,21:00-22:00,18.5204,73.8567,0.3084,0
UNKNOWN,-1,No Helmet,2026-06-12 21:48:37,69,Junction A,21:00-22:00,18.5204,73.8567,0.5842,0
UNKNOWN,-1,No Helmet,2026-06-12 21:48:38,72,Junction A,21:00-22:00,18.5204,73.8567,0.5764,0
UNKNOWN,4,Triple Riding,2026-06-12 21:48:40,75,Junction A,21:00-22:00,18.5204,73.8567,0.618,3
UNKNOWN,-1,No Helmet,2026-06-12 21:48:40,75,Junction A,21:00-22:00,18.5204,73.8567,0.5278,0
UNKNOWN,-1,No Helmet,2026-06-12 21:48:42,78,Junction A,21:00-22:00,18.5204,73.8567,0.4492,0
UNKNOWN,-1,No Helmet,2026-06-12 21:48:44,81,Junction A,21:00-22:00,18.5204,73.8567,0.4132,0
UNKNOWN,-1,No Helmet,2026-06-12 21:48:46,84,Junction A,21:00-22:00,18.5204,73.8567,0.4395,0
UNKNOWN,-1,No Helmet,2026-06-12 21:48:49,87,Junction A,21:00-22:00,18.5204,73.8567,0.5133,0
UNKNOWN,7,Triple Riding,2026-06-12 21:50:53,33,Junction A,21:00-22:00,18.5204,73.8567,0.6562,3
UNKNOWN,-1,No Helmet,2026-06-12 21:50:59,39,Junction A,21:00-22:00,18.5204,73.8567,0.3054,0
UNKNOWN,-1,No Helmet,2026-06-12 21:51:02,42,Junction A,21:00-22:00,18.5204,73.8567,0.3561,0
UNKNOWN,-1,No Helmet,2026-06-12 21:51:02,42,Junction A,21:00-22:00,18.5204,73.8567,0.2537,0
UNKNOWN,7,Triple Riding,2026-06-12 21:51:23,66,Junction A,21:00-22:00,18.5204,73.8567,0.6255,3
UNKNOWN,7,Triple Riding,2026-06-12 21:51:40,96,Junction A,21:00-22:00,18.5204,73.8567,0.5789,3
UNKNOWN,7,Triple Riding,2026-06-12 21:52:06,129,Junction A,21:00-22:00,18.5204,73.8567,0.476,3
UNKNOWN,92,Triple Riding,2026-06-12 21:52:11,135,Junction A,21:00-22:00,18.5204,73.8567,0.4464,3
UNKNOWN,7,Triple Riding,2026-06-12 21:52:51,189,Junction A,21:00-22:00,18.5204,73.8567,0.3884,3
UNKNOWN,179,Triple Riding,2026-06-12 21:54:15,306,Junction A,21:00-22:00,18.5204,73.8567,0.5744,3
UNKNOWN,224,Triple Riding,2026-06-12 21:54:18,309,Junction A,21:00-22:00,18.5204,73.8567,0.6579,3
UNKNOWN,2,Triple Riding,2026-06-12 21:59:00,9,bandra,21:00-22:00,18.5204,73.8567,0.5629,3
UNKNOWN,25,Triple Riding,2026-06-12 21:59:20,48,bandra,21:00-22:00,18.5204,73.8567,0.425,4
UNKNOWN,53,Triple Riding,2026-06-12 22:00:04,99,bandra,22:00-23:00,18.5204,73.8567,0.4588,3
UNKNOWN,12,Triple Riding,2026-06-12 23:04:00,9,Junction A,23:00-00:00,18.5204,73.8567,0.4677,3
UNKNOWN,80,Triple Riding,2026-06-12 23:04:20,69,Junction A,23:00-00:00,18.5204,73.8567,0.6297,3
UNKNOWN,127,Triple Riding,2026-06-12 23:04:22,78,Junction A,23:00-00:00,18.5204,73.8567,0.652,3
UNKNOWN,127,Triple Riding,2026-06-12 23:05:04,123,Junction A,23:00-00:00,18.5204,73.8567,0.574,3
UNKNOWN,2,Triple Riding,2026-06-12 23:10:25,3,Junction A,23:00-00:00,18.5204,73.8567,0.6221,3
UNKNOWN,2,Triple Riding,2026-06-12 23:10:39,3,Junction A,23:00-00:00,18.5204,73.8567,0.6221,3
UNKNOWN,24,Triple Riding,2026-06-12 23:11:09,48,Junction A,23:00-00:00,18.5204,73.8567,0.425,4
UNKNOWN,51,Triple Riding,2026-06-12 23:11:31,84,Junction A,23:00-00:00,18.5204,73.8567,0.5612,3
UNKNOWN,51,Triple Riding,2026-06-12 23:11:52,129,Junction A,23:00-00:00,18.5204,73.8567,0.5995,3
UNKNOWN,5,Triple Riding,2026-06-12 23:13:15,3,Junction A,23:00-00:00,18.5204,73.8567,0.8165,3
UNKNOWN,6,Triple Riding,2026-06-12 23:13:15,3,Junction A,23:00-00:00,18.5204,73.8567,0.572,7
UNKNOWN,7,Triple Riding,2026-06-12 23:13:15,3,Junction A,23:00-00:00,18.5204,73.8567,0.5062,4
UNKNOWN,21,Triple Riding,2026-06-12 23:13:16,3,Junction A,23:00-00:00,18.5204,73.8567,0.8165,3
UNKNOWN,22,Triple Riding,2026-06-12 23:13:16,3,Junction A,23:00-00:00,18.5204,73.8567,0.572,7
UNKNOWN,23,Triple Riding,2026-06-12 23:13:16,3,Junction A,23:00-00:00,18.5204,73.8567,0.5062,4
UNKNOWN,5,Triple Riding,2026-06-12 23:13:28,3,Junction A,23:00-00:00,18.5204,73.8567,0.8165,3
UNKNOWN,6,Triple Riding,2026-06-12 23:13:28,3,Junction A,23:00-00:00,18.5204,73.8567,0.572,7
UNKNOWN,7,Triple Riding,2026-06-12 23:13:28,3,Junction A,23:00-00:00,18.5204,73.8567,0.5062,4
UNKNOWN,14,Triple Riding,2026-06-12 23:14:59,21,Junction A,23:00-00:00,18.5204,73.8567,0.4817,3
UNKNOWN,6,Triple Riding,2026-06-12 23:15:38,48,Junction A,23:00-00:00,18.5204,73.8567,0.7664,5
UNKNOWN,7,Triple Riding,2026-06-12 23:15:51,60,Junction A,23:00-00:00,18.5204,73.8567,0.6834,3
UNKNOWN,5,Triple Riding,2026-06-12 23:21:46,3,Junction A,23:00-00:00,18.5204,73.8567,0.8165,3
UNKNOWN,6,Triple Riding,2026-06-12 23:21:46,3,Junction A,23:00-00:00,18.5204,73.8567,0.572,7
UNKNOWN,7,Triple Riding,2026-06-12 23:21:46,3,Junction A,23:00-00:00,18.5204,73.8567,0.5062,4
UNKNOWN,21,Triple Riding,2026-06-12 23:21:46,3,Junction A,23:00-00:00,18.5204,73.8567,0.8165,3
UNKNOWN,22,Triple Riding,2026-06-12 23:21:46,3,Junction A,23:00-00:00,18.5204,73.8567,0.572,7
UNKNOWN,23,Triple Riding,2026-06-12 23:21:46,3,Junction A,23:00-00:00,18.5204,73.8567,0.5062,4
UNKNOWN,-1,No Helmet,2026-06-12 23:21:47,3,Junction A,23:00-00:00,18.5204,73.8567,0.3095,0
UNKNOWN,-1,No Helmet,2026-06-12 23:21:47,3,Junction A,23:00-00:00,18.5204,73.8567,0.3095,0
UNKNOWN,-1,No Helmet,2026-06-12 23:21:51,6,Junction A,23:00-00:00,18.5204,73.8567,0.5054,0
UNKNOWN,-1,No Helmet,2026-06-12 23:21:55,9,Junction A,23:00-00:00,18.5204,73.8567,0.489,0
UNKNOWN,-1,No Helmet,2026-06-12 23:21:58,12,Junction A,23:00-00:00,18.5204,73.8567,0.5821,0
UNKNOWN,-1,No Helmet,2026-06-12 23:22:01,15,Junction A,23:00-00:00,18.5204,73.8567,0.5887,0
UNKNOWN,-1,No Helmet,2026-06-12 23:22:07,18,Junction A,23:00-00:00,18.5204,73.8567,0.1911,0
UNKNOWN,-1,No Helmet,2026-06-12 23:22:07,18,Junction A,23:00-00:00,18.5204,73.8567,0.1911,0
UNKNOWN,-1,No Helmet,2026-06-12 23:22:07,18,Junction A,23:00-00:00,18.5204,73.8567,0.4573,0
UNKNOWN,30,Triple Riding,2026-06-12 23:22:08,21,Junction A,23:00-00:00,18.5204,73.8567,0.4817,3
UNKNOWN,-1,No Helmet,2026-06-12 23:22:10,21,Junction A,23:00-00:00,18.5204,73.8567,0.2098,0
UNKNOWN,-1,No Helmet,2026-06-12 23:22:10,21,Junction A,23:00-00:00,18.5204,73.8567,0.2098,0
UNKNOWN,-1,No Helmet,2026-06-12 23:22:10,21,Junction A,23:00-00:00,18.5204,73.8567,0.5502,0
UNKNOWN,-1,No Helmet,2026-06-12 23:22:12,24,Junction A,23:00-00:00,18.5204,73.8567,0.2052,0
UNKNOWN,-1,No Helmet,2026-06-12 23:22:12,24,Junction A,23:00-00:00,18.5204,73.8567,0.2052,0
UNKNOWN,-1,No Helmet,2026-06-12 23:22:12,24,Junction A,23:00-00:00,18.5204,73.8567,0.5256,0
UNKNOWN,-1,No Helmet,2026-06-12 23:22:13,27,Junction A,23:00-00:00,18.5204,73.8567,0.2698,0
UNKNOWN,-1,No Helmet,2026-06-12 23:22:13,27,Junction A,23:00-00:00,18.5204,73.8567,0.2698,0
UNKNOWN,-1,No Helmet,2026-06-12 23:22:13,27,Junction A,23:00-00:00,18.5204,73.8567,0.4754,0
UNKNOWN,-1,No Helmet,2026-06-12 23:22:14,30,Junction A,23:00-00:00,18.5204,73.8567,0.3376,0
UNKNOWN,-1,No Helmet,2026-06-12 23:22:14,33,Junction A,23:00-00:00,18.5204,73.8567,0.6123,0
UNKNOWN,-1,No Helmet,2026-06-12 23:22:14,33,Junction A,23:00-00:00,18.5204,73.8567,0.6123,0
UNKNOWN,-1,No Helmet,2026-06-12 23:22:15,36,Junction A,23:00-00:00,18.5204,73.8567,0.5214,0
UNKNOWN,-1,No Helmet,2026-06-12 23:22:15,36,Junction A,23:00-00:00,18.5204,73.8567,0.5214,0
UNKNOWN,-1,No Helmet,2026-06-12 23:22:16,39,Junction A,23:00-00:00,18.5204,73.8567,0.6496,0
UNKNOWN,-1,No Helmet,2026-06-12 23:22:16,39,Junction A,23:00-00:00,18.5204,73.8567,0.6496,0
UNKNOWN,-1,No Helmet,2026-06-12 23:22:17,42,Junction A,23:00-00:00,18.5204,73.8567,0.1679,0
UNKNOWN,-1,No Helmet,2026-06-12 23:22:17,42,Junction A,23:00-00:00,18.5204,73.8567,0.1679,0
UNKNOWN,-1,No Helmet,2026-06-12 23:22:17,42,Junction A,23:00-00:00,18.5204,73.8567,0.5487,0
UNKNOWN,-1,No Helmet,2026-06-12 23:22:17,42,Junction A,23:00-00:00,18.5204,73.8567,0.5487,0
UNKNOWN,-1,No Helmet,2026-06-12 23:22:17,45,Junction A,23:00-00:00,18.5204,73.8567,0.1787,0
UNKNOWN,-1,No Helmet,2026-06-12 23:22:17,45,Junction A,23:00-00:00,18.5204,73.8567,0.1787,0
UNKNOWN,-1,No Helmet,2026-06-12 23:22:17,45,Junction A,23:00-00:00,18.5204,73.8567,0.5165,0
UNKNOWN,-1,No Helmet,2026-06-12 23:22:17,45,Junction A,23:00-00:00,18.5204,73.8567,0.5165,0
UNKNOWN,22,Triple Riding,2026-06-12 23:22:18,48,Junction A,23:00-00:00,18.5204,73.8567,0.7664,5
UNKNOWN,-1,No Helmet,2026-06-12 23:22:18,48,Junction A,23:00-00:00,18.5204,73.8567,0.268,0
UNKNOWN,-1,No Helmet,2026-06-12 23:22:18,48,Junction A,23:00-00:00,18.5204,73.8567,0.268,0
UNKNOWN,-1,No Helmet,2026-06-12 23:22:18,48,Junction A,23:00-00:00,18.5204,73.8567,0.2143,0
UNKNOWN,-1,No Helmet,2026-06-12 23:22:18,48,Junction A,23:00-00:00,18.5204,73.8567,0.2143,0
UNKNOWN,-1,No Helmet,2026-06-12 23:22:19,51,Junction A,23:00-00:00,18.5204,73.8567,0.2329,0
UNKNOWN,-1,No Helmet,2026-06-12 23:22:19,51,Junction A,23:00-00:00,18.5204,73.8567,0.1983,0
UNKNOWN,-1,No Helmet,2026-06-12 23:22:19,51,Junction A,23:00-00:00,18.5204,73.8567,0.1983,0
UNKNOWN,-1,No Helmet,2026-06-12 23:22:19,51,Junction A,23:00-00:00,18.5204,73.8567,0.2212,0
UNKNOWN,-1,No Helmet,2026-06-12 23:22:19,51,Junction A,23:00-00:00,18.5204,73.8567,0.2212,0
UNKNOWN,-1,No Helmet,2026-06-12 23:22:19,54,Junction A,23:00-00:00,18.5204,73.8567,0.4172,0
UNKNOWN,-1,No Helmet,2026-06-12 23:22:19,54,Junction A,23:00-00:00,18.5204,73.8567,0.4172,0
UNKNOWN,-1,No Helmet,2026-06-12 23:22:20,57,Junction A,23:00-00:00,18.5204,73.8567,0.1907,0
UNKNOWN,-1,No Helmet,2026-06-12 23:22:20,57,Junction A,23:00-00:00,18.5204,73.8567,0.1907,0
UNKNOWN,23,Triple Riding,2026-06-12 23:22:21,60,Junction A,23:00-00:00,18.5204,73.8567,0.6834,3
UNKNOWN,-1,No Helmet,2026-06-12 23:22:21,60,Junction A,23:00-00:00,18.5204,73.8567,0.2009,0
UNKNOWN,-1,No Helmet,2026-06-12 23:22:21,60,Junction A,23:00-00:00,18.5204,73.8567,0.425,0
UNKNOWN,-1,No Helmet,2026-06-12 23:22:21,60,Junction A,23:00-00:00,18.5204,73.8567,0.425,0
UNKNOWN,-1,No Helmet,2026-06-12 23:22:21,63,Junction A,23:00-00:00,18.5204,73.8567,0.4492,0
UNKNOWN,-1,No Helmet,2026-06-12 23:22:21,63,Junction A,23:00-00:00,18.5204,73.8567,0.4492,0
UNKNOWN,-1,No Helmet,2026-06-12 23:22:22,66,Junction A,23:00-00:00,18.5204,73.8567,0.4173,0
UNKNOWN,-1,No Helmet,2026-06-12 23:22:22,66,Junction A,23:00-00:00,18.5204,73.8567,0.4173,0
UNKNOWN,-1,No Helmet,2026-06-12 23:22:23,69,Junction A,23:00-00:00,18.5204,73.8567,0.3993,0
UNKNOWN,-1,No Helmet,2026-06-12 23:22:23,69,Junction A,23:00-00:00,18.5204,73.8567,0.3993,0
UNKNOWN,-1,No Helmet,2026-06-12 23:22:23,69,Junction A,23:00-00:00,18.5204,73.8567,0.4901,0
UNKNOWN,-1,No Helmet,2026-06-12 23:22:23,69,Junction A,23:00-00:00,18.5204,73.8567,0.4901,0
UNKNOWN,-1,No Helmet,2026-06-12 23:22:23,72,Junction A,23:00-00:00,18.5204,73.8567,0.5668,0
UNKNOWN,-1,No Helmet,2026-06-12 23:22:23,72,Junction A,23:00-00:00,18.5204,73.8567,0.5668,0
UNKNOWN,-1,No Helmet,2026-06-12 23:22:24,75,Junction A,23:00-00:00,18.5204,73.8567,0.479,0
UNKNOWN,-1,No Helmet,2026-06-12 23:22:24,75,Junction A,23:00-00:00,18.5204,73.8567,0.479,0
UNKNOWN,-1,No Helmet,2026-06-12 23:22:25,78,Junction A,23:00-00:00,18.5204,73.8567,0.1645,0
UNKNOWN,-1,No Helmet,2026-06-12 23:22:25,78,Junction A,23:00-00:00,18.5204,73.8567,0.1645,0
UNKNOWN,-1,No Helmet,2026-06-12 23:22:25,78,Junction A,23:00-00:00,18.5204,73.8567,0.1645,0
UNKNOWN,24,Triple Riding,2026-06-12 23:22:25,81,Junction A,23:00-00:00,18.5204,73.8567,0.6457,3
UNKNOWN,25,Triple Riding,2026-06-12 23:22:25,81,Junction A,23:00-00:00,18.5204,73.8567,0.6521,3
UNKNOWN,-1,No Helmet,2026-06-12 23:22:25,81,Junction A,23:00-00:00,18.5204,73.8567,0.3218,0
UNKNOWN,-1,No Helmet,2026-06-12 23:22:25,81,Junction A,23:00-00:00,18.5204,73.8567,0.3218,0
UNKNOWN,-1,No Helmet,2026-06-12 23:22:25,81,Junction A,23:00-00:00,18.5204,73.8567,0.3218,0
UNKNOWN,-1,No Helmet,2026-06-12 23:22:25,81,Junction A,23:00-00:00,18.5204,73.8567,0.3218,0
UNKNOWN,-1,No Helmet,2026-06-12 23:22:25,81,Junction A,23:00-00:00,18.5204,73.8567,0.3218,0
UNKNOWN,-1,No Helmet,2026-06-12 23:22:25,81,Junction A,23:00-00:00,18.5204,73.8567,0.3218,0
UNKNOWN,-1,No Helmet,2026-06-12 23:22:26,84,Junction A,23:00-00:00,18.5204,73.8567,0.1546,0
UNKNOWN,-1,No Helmet,2026-06-12 23:22:26,84,Junction A,23:00-00:00,18.5204,73.8567,0.2331,0
UNKNOWN,-1,No Helmet,2026-06-12 23:22:26,84,Junction A,23:00-00:00,18.5204,73.8567,0.1546,0
UNKNOWN,-1,No Helmet,2026-06-12 23:22:26,84,Junction A,23:00-00:00,18.5204,73.8567,0.2331,0
UNKNOWN,-1,No Helmet,2026-06-12 23:22:26,84,Junction A,23:00-00:00,18.5204,73.8567,0.1546,0
UNKNOWN,-1,No Helmet,2026-06-12 23:22:26,84,Junction A,23:00-00:00,18.5204,73.8567,0.2331,0
UNKNOWN,-1,No Helmet,2026-06-12 23:22:27,87,Junction A,23:00-00:00,18.5204,73.8567,0.3239,0
UNKNOWN,-1,No Helmet,2026-06-12 23:22:27,87,Junction A,23:00-00:00,18.5204,73.8567,0.1698,0
UNKNOWN,-1,No Helmet,2026-06-12 23:22:27,87,Junction A,23:00-00:00,18.5204,73.8567,0.3239,0
UNKNOWN,-1,No Helmet,2026-06-12 23:22:27,87,Junction A,23:00-00:00,18.5204,73.8567,0.1698,0
UNKNOWN,-1,No Helmet,2026-06-12 23:22:27,87,Junction A,23:00-00:00,18.5204,73.8567,0.3239,0
UNKNOWN,-1,No Helmet,2026-06-12 23:22:27,87,Junction A,23:00-00:00,18.5204,73.8567,0.1698,0
UNKNOWN,-1,No Helmet,2026-06-12 23:22:30,90,Junction A,23:00-00:00,18.5204,73.8567,0.3029,0
UNKNOWN,-1,No Helmet,2026-06-12 23:22:30,90,Junction A,23:00-00:00,18.5204,73.8567,0.2613,0
UNKNOWN,-1,No Helmet,2026-06-12 23:22:30,90,Junction A,23:00-00:00,18.5204,73.8567,0.2042,0
UNKNOWN,-1,No Helmet,2026-06-12 23:22:30,90,Junction A,23:00-00:00,18.5204,73.8567,0.3029,0
UNKNOWN,-1,No Helmet,2026-06-12 23:22:31,90,Junction A,23:00-00:00,18.5204,73.8567,0.2042,0
UNKNOWN,-1,No Helmet,2026-06-12 23:22:31,90,Junction A,23:00-00:00,18.5204,73.8567,0.3029,0
UNKNOWN,-1,No Helmet,2026-06-12 23:22:31,90,Junction A,23:00-00:00,18.5204,73.8567,0.3029,0
UNKNOWN,-1,No Helmet,2026-06-12 23:22:31,90,Junction A,23:00-00:00,18.5204,73.8567,0.3029,0
UNKNOWN,-1,No Helmet,2026-06-12 23:22:31,90,Junction A,23:00-00:00,18.5204,73.8567,0.3029,0
UNKNOWN,22,Triple Riding,2026-06-12 23:22:34,93,Junction A,23:00-00:00,18.5204,73.8567,0.7035,6
UNKNOWN,-1,No Helmet,2026-06-12 23:22:34,93,Junction A,23:00-00:00,18.5204,73.8567,0.1927,0
UNKNOWN,-1,No Helmet,2026-06-12 23:22:34,93,Junction A,23:00-00:00,18.5204,73.8567,0.1927,0
UNKNOWN,-1,No Helmet,2026-06-12 23:22:34,93,Junction A,23:00-00:00,18.5204,73.8567,0.1927,0
UNKNOWN,-1,No Helmet,2026-06-12 23:22:34,93,Junction A,23:00-00:00,18.5204,73.8567,0.1927,0
UNKNOWN,-1,No Helmet,2026-06-12 23:22:34,93,Junction A,23:00-00:00,18.5204,73.8567,0.1927,0
UNKNOWN,-1,No Helmet,2026-06-12 23:22:34,93,Junction A,23:00-00:00,18.5204,73.8567,0.1927,0
UNKNOWN,-1,No Helmet,2026-06-12 23:22:35,96,Junction A,23:00-00:00,18.5204,73.8567,0.3786,0
UNKNOWN,-1,No Helmet,2026-06-12 23:22:35,96,Junction A,23:00-00:00,18.5204,73.8567,0.1973,0
UNKNOWN,-1,No Helmet,2026-06-12 23:22:35,96,Junction A,23:00-00:00,18.5204,73.8567,0.3786,0
UNKNOWN,-1,No Helmet,2026-06-12 23:22:35,96,Junction A,23:00-00:00,18.5204,73.8567,0.1973,0
UNKNOWN,-1,No Helmet,2026-06-12 23:22:35,96,Junction A,23:00-00:00,18.5204,73.8567,0.3786,0
UNKNOWN,-1,No Helmet,2026-06-12 23:22:35,96,Junction A,23:00-00:00,18.5204,73.8567,0.3786,0
UNKNOWN,-1,No Helmet,2026-06-12 23:22:35,96,Junction A,23:00-00:00,18.5204,73.8567,0.3786,0
UNKNOWN,-1,No Helmet,2026-06-12 23:22:35,96,Junction A,23:00-00:00,18.5204,73.8567,0.3786,0
UNKNOWN,-1,No Helmet,2026-06-12 23:22:35,99,Junction A,23:00-00:00,18.5204,73.8567,0.4978,0
UNKNOWN,-1,No Helmet,2026-06-12 23:22:35,99,Junction A,23:00-00:00,18.5204,73.8567,0.2207,0
UNKNOWN,-1,No Helmet,2026-06-12 23:22:35,99,Junction A,23:00-00:00,18.5204,73.8567,0.4978,0
UNKNOWN,-1,No Helmet,2026-06-12 23:22:35,99,Junction A,23:00-00:00,18.5204,73.8567,0.2207,0
UNKNOWN,-1,No Helmet,2026-06-12 23:22:35,99,Junction A,23:00-00:00,18.5204,73.8567,0.4978,0
UNKNOWN,-1,No Helmet,2026-06-12 23:22:35,99,Junction A,23:00-00:00,18.5204,73.8567,0.4978,0
UNKNOWN,-1,No Helmet,2026-06-12 23:22:35,99,Junction A,23:00-00:00,18.5204,73.8567,0.4978,0
UNKNOWN,-1,No Helmet,2026-06-12 23:22:35,99,Junction A,23:00-00:00,18.5204,73.8567,0.4978,0
UNKNOWN,-1,No Helmet,2026-06-12 23:22:36,102,Junction A,23:00-00:00,18.5204,73.8567,0.3245,0
UNKNOWN,-1,No Helmet,2026-06-12 23:22:36,102,Junction A,23:00-00:00,18.5204,73.8567,0.4909,0
UNKNOWN,-1,No Helmet,2026-06-12 23:22:36,102,Junction A,23:00-00:00,18.5204,73.8567,0.169,0
UNKNOWN,-1,No Helmet,2026-06-12 23:22:36,102,Junction A,23:00-00:00,18.5204,73.8567,0.3245,0
UNKNOWN,-1,No Helmet,2026-06-12 23:22:36,102,Junction A,23:00-00:00,18.5204,73.8567,0.169,0
UNKNOWN,-1,No Helmet,2026-06-12 23:22:36,102,Junction A,23:00-00:00,18.5204,73.8567,0.3245,0
UNKNOWN,-1,No Helmet,2026-06-12 23:22:36,102,Junction A,23:00-00:00,18.5204,73.8567,0.3245,0
UNKNOWN,-1,No Helmet,2026-06-12 23:22:36,102,Junction A,23:00-00:00,18.5204,73.8567,0.3245,0
UNKNOWN,-1,No Helmet,2026-06-12 23:22:36,102,Junction A,23:00-00:00,18.5204,73.8567,0.3245,0
UNKNOWN,-1,No Helmet,2026-06-12 23:22:37,105,Junction A,23:00-00:00,18.5204,73.8567,0.2941,0
UNKNOWN,-1,No Helmet,2026-06-12 23:22:37,105,Junction A,23:00-00:00,18.5204,73.8567,0.6931,0
UNKNOWN,-1,No Helmet,2026-06-12 23:22:37,105,Junction A,23:00-00:00,18.5204,73.8567,0.1558,0
UNKNOWN,-1,No Helmet,2026-06-12 23:22:37,105,Junction A,23:00-00:00,18.5204,73.8567,0.2941,0
UNKNOWN,-1,No Helmet,2026-06-12 23:22:37,105,Junction A,23:00-00:00,18.5204,73.8567,0.1558,0
UNKNOWN,-1,No Helmet,2026-06-12 23:22:37,105,Junction A,23:00-00:00,18.5204,73.8567,0.2941,0
UNKNOWN,-1,No Helmet,2026-06-12 23:22:37,105,Junction A,23:00-00:00,18.5204,73.8567,0.2941,0
UNKNOWN,-1,No Helmet,2026-06-12 23:22:37,105,Junction A,23:00-00:00,18.5204,73.8567,0.2941,0
UNKNOWN,-1,No Helmet,2026-06-12 23:22:37,105,Junction A,23:00-00:00,18.5204,73.8567,0.2941,0
UNKNOWN,-1,No Helmet,2026-06-12 23:22:37,108,Junction A,23:00-00:00,18.5204,73.8567,0.3123,0
UNKNOWN,-1,No Helmet,2026-06-12 23:22:37,108,Junction A,23:00-00:00,18.5204,73.8567,0.1541,0
UNKNOWN,-1,No Helmet,2026-06-12 23:22:38,108,Junction A,23:00-00:00,18.5204,73.8567,0.4723,0
UNKNOWN,-1,No Helmet,2026-06-12 23:22:38,108,Junction A,23:00-00:00,18.5204,73.8567,0.1541,0
UNKNOWN,-1,No Helmet,2026-06-12 23:22:38,108,Junction A,23:00-00:00,18.5204,73.8567,0.4723,0
UNKNOWN,-1,No Helmet,2026-06-12 23:22:38,108,Junction A,23:00-00:00,18.5204,73.8567,0.4723,0
UNKNOWN,-1,No Helmet,2026-06-12 23:22:38,111,Junction A,23:00-00:00,18.5204,73.8567,0.5792,0
UNKNOWN,-1,No Helmet,2026-06-12 23:22:38,111,Junction A,23:00-00:00,18.5204,73.8567,0.4929,0
UNKNOWN,-1,No Helmet,2026-06-12 23:22:38,111,Junction A,23:00-00:00,18.5204,73.8567,0.4929,0
UNKNOWN,-1,No Helmet,2026-06-12 23:22:38,111,Junction A,23:00-00:00,18.5204,73.8567,0.4929,0
UNKNOWN,-1,No Helmet,2026-06-12 23:22:39,114,Junction A,23:00-00:00,18.5204,73.8567,0.5537,0
UNKNOWN,-1,No Helmet,2026-06-12 23:22:39,114,Junction A,23:00-00:00,18.5204,73.8567,0.3376,0
UNKNOWN,-1,No Helmet,2026-06-12 23:22:39,114,Junction A,23:00-00:00,18.5204,73.8567,0.3376,0
UNKNOWN,-1,No Helmet,2026-06-12 23:22:40,117,Junction A,23:00-00:00,18.5204,73.8567,0.6943,0
UNKNOWN,-1,No Helmet,2026-06-12 23:22:40,117,Junction A,23:00-00:00,18.5204,73.8567,0.2385,0
UNKNOWN,-1,No Helmet,2026-06-12 23:22:40,117,Junction A,23:00-00:00,18.5204,73.8567,0.2385,0
UNKNOWN,-1,No Helmet,2026-06-12 23:22:40,120,Junction A,23:00-00:00,18.5204,73.8567,0.3737,0
UNKNOWN,-1,No Helmet,2026-06-12 23:22:40,120,Junction A,23:00-00:00,18.5204,73.8567,0.4194,0
UNKNOWN,-1,No Helmet,2026-06-12 23:22:40,120,Junction A,23:00-00:00,18.5204,73.8567,0.1791,0
UNKNOWN,-1,No Helmet,2026-06-12 23:22:40,120,Junction A,23:00-00:00,18.5204,73.8567,0.4194,0
UNKNOWN,-1,No Helmet,2026-06-12 23:22:40,120,Junction A,23:00-00:00,18.5204,73.8567,0.1791,0
UNKNOWN,-1,No Helmet,2026-06-12 23:22:41,123,Junction A,23:00-00:00,18.5204,73.8567,0.6334,0
UNKNOWN,-1,No Helmet,2026-06-12 23:22:41,123,Junction A,23:00-00:00,18.5204,73.8567,0.1911,0
UNKNOWN,-1,No Helmet,2026-06-12 23:22:41,123,Junction A,23:00-00:00,18.5204,73.8567,0.2079,0
UNKNOWN,-1,No Helmet,2026-06-12 23:22:41,123,Junction A,23:00-00:00,18.5204,73.8567,0.2079,0
UNKNOWN,-1,No Helmet,2026-06-12 23:22:41,123,Junction A,23:00-00:00,18.5204,73.8567,0.1911,0
UNKNOWN,109,Triple Riding,2026-06-12 23:22:41,126,Junction A,23:00-00:00,18.5204,73.8567,0.4722,3
UNKNOWN,183,Triple Riding,2026-06-12 23:22:41,126,Junction A,23:00-00:00,18.5204,73.8567,0.4988,3
UNKNOWN,-1,No Helmet,2026-06-12 23:22:42,126,Junction A,23:00-00:00,18.5204,73.8567,0.2304,0
UNKNOWN,-1,No Helmet,2026-06-12 23:22:42,126,Junction A,23:00-00:00,18.5204,73.8567,0.2304,0
UNKNOWN,-1,No Helmet,2026-06-12 23:22:42,126,Junction A,23:00-00:00,18.5204,73.8567,0.3029,0
UNKNOWN,-1,No Helmet,2026-06-12 23:22:42,126,Junction A,23:00-00:00,18.5204,73.8567,0.3029,0
UNKNOWN,-1,No Helmet,2026-06-12 23:22:42,126,Junction A,23:00-00:00,18.5204,73.8567,0.2304,0
UNKNOWN,-1,No Helmet,2026-06-12 23:22:42,126,Junction A,23:00-00:00,18.5204,73.8567,0.2304,0
UNKNOWN,-1,No Helmet,2026-06-12 23:22:42,126,Junction A,23:00-00:00,18.5204,73.8567,0.2304,0
UNKNOWN,-1,No Helmet,2026-06-12 23:22:42,126,Junction A,23:00-00:00,18.5204,73.8567,0.2304,0
UNKNOWN,-1,No Helmet,2026-06-12 23:22:42,129,Junction A,23:00-00:00,18.5204,73.8567,0.6164,0
UNKNOWN,-1,No Helmet,2026-06-12 23:22:42,129,Junction A,23:00-00:00,18.5204,73.8567,0.2334,0
UNKNOWN,-1,No Helmet,2026-06-12 23:22:42,129,Junction A,23:00-00:00,18.5204,73.8567,0.2334,0
UNKNOWN,-1,No Helmet,2026-06-12 23:22:42,129,Junction A,23:00-00:00,18.5204,73.8567,0.2507,0
UNKNOWN,-1,No Helmet,2026-06-12 23:22:42,129,Junction A,23:00-00:00,18.5204,73.8567,0.2507,0
UNKNOWN,-1,No Helmet,2026-06-12 23:22:43,129,Junction A,23:00-00:00,18.5204,73.8567,0.2334,0
UNKNOWN,-1,No Helmet,2026-06-12 23:22:43,129,Junction A,23:00-00:00,18.5204,73.8567,0.2334,0
UNKNOWN,-1,No Helmet,2026-06-12 23:22:45,132,Junction A,23:00-00:00,18.5204,73.8567,0.4638,0
UNKNOWN,-1,No Helmet,2026-06-12 23:22:46,132,Junction A,23:00-00:00,18.5204,73.8567,0.2117,0
UNKNOWN,-1,No Helmet,2026-06-12 23:22:46,132,Junction A,23:00-00:00,18.5204,73.8567,0.2117,0
UNKNOWN,-1,No Helmet,2026-06-12 23:22:46,132,Junction A,23:00-00:00,18.5204,73.8567,0.4029,0
UNKNOWN,-1,No Helmet,2026-06-12 23:22:46,132,Junction A,23:00-00:00,18.5204,73.8567,0.4029,0
UNKNOWN,-1,No Helmet,2026-06-12 23:22:46,132,Junction A,23:00-00:00,18.5204,73.8567,0.2117,0
UNKNOWN,-1,No Helmet,2026-06-12 23:22:46,132,Junction A,23:00-00:00,18.5204,73.8567,0.2117,0
UNKNOWN,-1,No Helmet,2026-06-12 23:22:48,135,Junction A,23:00-00:00,18.5204,73.8567,0.2864,0
UNKNOWN,-1,No Helmet,2026-06-12 23:22:48,135,Junction A,23:00-00:00,18.5204,73.8567,0.1897,0
UNKNOWN,-1,No Helmet,2026-06-12 23:22:48,135,Junction A,23:00-00:00,18.5204,73.8567,0.1897,0
UNKNOWN,-1,No Helmet,2026-06-12 23:22:48,135,Junction A,23:00-00:00,18.5204,73.8567,0.4892,0
UNKNOWN,-1,No Helmet,2026-06-12 23:22:48,135,Junction A,23:00-00:00,18.5204,73.8567,0.4892,0
UNKNOWN,-1,No Helmet,2026-06-12 23:22:48,135,Junction A,23:00-00:00,18.5204,73.8567,0.1897,0
UNKNOWN,-1,No Helmet,2026-06-12 23:22:48,135,Junction A,23:00-00:00,18.5204,73.8567,0.1897,0
UNKNOWN,22,Triple Riding,2026-06-12 23:22:51,138,Junction A,23:00-00:00,18.5204,73.8567,0.6233,4
UNKNOWN,-1,No Helmet,2026-06-12 23:22:52,138,Junction A,23:00-00:00,18.5204,73.8567,0.4139,0
UNKNOWN,-1,No Helmet,2026-06-12 23:22:52,138,Junction A,23:00-00:00,18.5204,73.8567,0.1907,0
UNKNOWN,-1,No Helmet,2026-06-12 23:22:52,138,Junction A,23:00-00:00,18.5204,73.8567,0.1907,0
UNKNOWN,-1,No Helmet,2026-06-12 23:22:52,138,Junction A,23:00-00:00,18.5204,73.8567,0.4399,0
UNKNOWN,-1,No Helmet,2026-06-12 23:22:52,138,Junction A,23:00-00:00,18.5204,73.8567,0.4399,0
UNKNOWN,-1,No Helmet,2026-06-12 23:22:52,138,Junction A,23:00-00:00,18.5204,73.8567,0.1907,0
UNKNOWN,-1,No Helmet,2026-06-12 23:22:52,138,Junction A,23:00-00:00,18.5204,73.8567,0.1907,0
UNKNOWN,-1,No Helmet,2026-06-12 23:22:55,141,Junction A,23:00-00:00,18.5204,73.8567,0.3265,0
UNKNOWN,-1,No Helmet,2026-06-12 23:22:55,141,Junction A,23:00-00:00,18.5204,73.8567,0.2686,0
UNKNOWN,-1,No Helmet,2026-06-12 23:22:55,141,Junction A,23:00-00:00,18.5204,73.8567,0.2686,0
UNKNOWN,-1,No Helmet,2026-06-12 23:22:55,141,Junction A,23:00-00:00,18.5204,73.8567,0.3081,0
UNKNOWN,-1,No Helmet,2026-06-12 23:22:55,141,Junction A,23:00-00:00,18.5204,73.8567,0.3081,0
UNKNOWN,-1,No Helmet,2026-06-12 23:22:55,141,Junction A,23:00-00:00,18.5204,73.8567,0.2686,0
UNKNOWN,-1,No Helmet,2026-06-12 23:22:55,141,Junction A,23:00-00:00,18.5204,73.8567,0.2686,0
UNKNOWN,-1,No Helmet,2026-06-12 23:22:58,144,Junction A,23:00-00:00,18.5204,73.8567,0.5724,0
UNKNOWN,-1,No Helmet,2026-06-12 23:22:58,144,Junction A,23:00-00:00,18.5204,73.8567,0.3402,0
UNKNOWN,-1,No Helmet,2026-06-12 23:22:58,144,Junction A,23:00-00:00,18.5204,73.8567,0.3402,0
UNKNOWN,-1,No Helmet,2026-06-12 23:22:59,144,Junction A,23:00-00:00,18.5204,73.8567,0.4104,0
UNKNOWN,-1,No Helmet,2026-06-12 23:22:59,144,Junction A,23:00-00:00,18.5204,73.8567,0.4104,0
UNKNOWN,-1,No Helmet,2026-06-12 23:22:59,144,Junction A,23:00-00:00,18.5204,73.8567,0.3402,0
UNKNOWN,-1,No Helmet,2026-06-12 23:22:59,144,Junction A,23:00-00:00,18.5204,73.8567,0.3402,0
UNKNOWN,-1,No Helmet,2026-06-12 23:23:02,147,Junction A,23:00-00:00,18.5204,73.8567,0.521,0
UNKNOWN,-1,No Helmet,2026-06-12 23:23:02,147,Junction A,23:00-00:00,18.5204,73.8567,0.3703,0
UNKNOWN,-1,No Helmet,2026-06-12 23:23:02,147,Junction A,23:00-00:00,18.5204,73.8567,0.3703,0
UNKNOWN,-1,No Helmet,2026-06-12 23:23:02,147,Junction A,23:00-00:00,18.5204,73.8567,0.3564,0
UNKNOWN,-1,No Helmet,2026-06-12 23:23:03,147,Junction A,23:00-00:00,18.5204,73.8567,0.3564,0
UNKNOWN,-1,No Helmet,2026-06-12 23:23:04,147,Junction A,23:00-00:00,18.5204,73.8567,0.3703,0
UNKNOWN,-1,No Helmet,2026-06-12 23:23:04,147,Junction A,23:00-00:00,18.5204,73.8567,0.3703,0
UNKNOWN,-1,No Helmet,2026-06-12 23:23:07,150,Junction A,23:00-00:00,18.5204,73.8567,0.4937,0
UNKNOWN,-1,No Helmet,2026-06-12 23:23:07,150,Junction A,23:00-00:00,18.5204,73.8567,0.5349,0
UNKNOWN,-1,No Helmet,2026-06-12 23:23:07,150,Junction A,23:00-00:00,18.5204,73.8567,0.552,0
UNKNOWN,-1,No Helmet,2026-06-12 23:23:07,150,Junction A,23:00-00:00,18.5204,73.8567,0.552,0
UNKNOWN,-1,No Helmet,2026-06-12 23:23:08,150,Junction A,23:00-00:00,18.5204,73.8567,0.5349,0
UNKNOWN,-1,No Helmet,2026-06-12 23:23:12,153,Junction A,23:00-00:00,18.5204,73.8567,0.5221,0
UNKNOWN,-1,No Helmet,2026-06-12 23:23:12,153,Junction A,23:00-00:00,18.5204,73.8567,0.6691,0
UNKNOWN,-1,No Helmet,2026-06-12 23:23:12,153,Junction A,23:00-00:00,18.5204,73.8567,0.5577,0
UNKNOWN,-1,No Helmet,2026-06-12 23:23:12,153,Junction A,23:00-00:00,18.5204,73.8567,0.6691,0
UNKNOWN,-1,No Helmet,2026-06-12 23:23:13,156,Junction A,23:00-00:00,18.5204,73.8567,0.1728,0
UNKNOWN,-1,No Helmet,2026-06-12 23:23:13,156,Junction A,23:00-00:00,18.5204,73.8567,0.5831,0
UNKNOWN,-1,No Helmet,2026-06-12 23:23:13,156,Junction A,23:00-00:00,18.5204,73.8567,0.4554,0
UNKNOWN,-1,No Helmet,2026-06-12 23:23:13,156,Junction A,23:00-00:00,18.5204,73.8567,0.4554,0
UNKNOWN,-1,No Helmet,2026-06-12 23:23:13,156,Junction A,23:00-00:00,18.5204,73.8567,0.5831,0
UNKNOWN,-1,No Helmet,2026-06-12 23:23:13,159,Junction A,23:00-00:00,18.5204,73.8567,0.399,0
UNKNOWN,-1,No Helmet,2026-06-12 23:23:13,159,Junction A,23:00-00:00,18.5204,73.8567,0.445,0
UNKNOWN,-1,No Helmet,2026-06-12 23:23:13,159,Junction A,23:00-00:00,18.5204,73.8567,0.4421,0
UNKNOWN,-1,No Helmet,2026-06-12 23:23:13,159,Junction A,23:00-00:00,18.5204,73.8567,0.4421,0
UNKNOWN,-1,No Helmet,2026-06-12 23:23:13,159,Junction A,23:00-00:00,18.5204,73.8567,0.445,0
UNKNOWN,-1,No Helmet,2026-06-12 23:23:14,162,Junction A,23:00-00:00,18.5204,73.8567,0.1761,0
UNKNOWN,-1,No Helmet,2026-06-12 23:23:14,162,Junction A,23:00-00:00,18.5204,73.8567,0.4086,0
UNKNOWN,-1,No Helmet,2026-06-12 23:23:14,162,Junction A,23:00-00:00,18.5204,73.8567,0.3582,0
UNKNOWN,-1,No Helmet,2026-06-12 23:23:14,162,Junction A,23:00-00:00,18.5204,73.8567,0.4086,0
UNKNOWN,-1,No Helmet,2026-06-12 23:23:15,165,Junction A,23:00-00:00,18.5204,73.8567,0.4895,0
UNKNOWN,-1,No Helmet,2026-06-12 23:23:15,165,Junction A,23:00-00:00,18.5204,73.8567,0.5818,0
UNKNOWN,-1,No Helmet,2026-06-12 23:23:15,165,Junction A,23:00-00:00,18.5204,73.8567,0.4895,0
UNKNOWN,-1,No Helmet,2026-06-12 23:23:16,168,Junction A,23:00-00:00,18.5204,73.8567,0.4904,0
UNKNOWN,-1,No Helmet,2026-06-12 23:23:16,168,Junction A,23:00-00:00,18.5204,73.8567,0.5697,0
UNKNOWN,-1,No Helmet,2026-06-12 23:23:16,168,Junction A,23:00-00:00,18.5204,73.8567,0.4904,0
UNKNOWN,-1,No Helmet,2026-06-12 23:23:17,171,Junction A,23:00-00:00,18.5204,73.8567,0.4635,0
UNKNOWN,-1,No Helmet,2026-06-12 23:23:17,171,Junction A,23:00-00:00,18.5204,73.8567,0.481,0
UNKNOWN,-1,No Helmet,2026-06-12 23:23:17,171,Junction A,23:00-00:00,18.5204,73.8567,0.4635,0
UNKNOWN,-1,No Helmet,2026-06-12 23:23:21,174,Junction A,23:00-00:00,18.5204,73.8567,0.4003,0
UNKNOWN,-1,No Helmet,2026-06-12 23:23:21,174,Junction A,23:00-00:00,18.5204,73.8567,0.5206,0
UNKNOWN,-1,No Helmet,2026-06-12 23:23:21,174,Junction A,23:00-00:00,18.5204,73.8567,0.4003,0
UNKNOWN,2,Triple Riding,2026-06-12 23:24:16,3,Junction A,23:00-00:00,18.5204,73.8567,0.6221,3
UNKNOWN,-1,No Helmet,2026-06-12 23:24:17,3,Junction A,23:00-00:00,18.5204,73.8567,0.467,0
UNKNOWN,24,Triple Riding,2026-06-12 23:24:40,48,Junction A,23:00-00:00,18.5204,73.8567,0.425,4
UNKNOWN,-1,No Helmet,2026-06-12 23:24:47,60,Junction A,23:00-00:00,18.5204,73.8567,0.2608,0
UNKNOWN,-1,No Helmet,2026-06-12 23:24:49,63,Junction A,23:00-00:00,18.5204,73.8567,0.2728,0
UNKNOWN,-1,No Helmet,2026-06-12 23:24:51,66,Junction A,23:00-00:00,18.5204,73.8567,0.197,0
UNKNOWN,-1,No Helmet,2026-06-12 23:24:51,66,Junction A,23:00-00:00,18.5204,73.8567,0.197,0
UNKNOWN,-1,No Helmet,2026-06-12 23:24:54,72,Junction A,23:00-00:00,18.5204,73.8567,0.2352,0
UNKNOWN,-1,No Helmet,2026-06-12 23:24:56,75,Junction A,23:00-00:00,18.5204,73.8567,0.2453,0
UNKNOWN,-1,No Helmet,2026-06-12 23:24:56,75,Junction A,23:00-00:00,18.5204,73.8567,0.2453,0
UNKNOWN,-1,No Helmet,2026-06-12 23:24:58,78,Junction A,23:00-00:00,18.5204,73.8567,0.3111,0
UNKNOWN,51,Triple Riding,2026-06-12 23:25:01,84,Junction A,23:00-00:00,18.5204,73.8567,0.5612,3
UNKNOWN,-1,No Helmet,2026-06-12 23:25:05,90,Junction A,23:00-00:00,18.5204,73.8567,0.1948,0
UNKNOWN,7,Triple Riding,2026-06-12 23:26:26,33,dadar,23:00-00:00,18.5204,73.8567,0.6636,3
UNKNOWN,-1,No Helmet,2026-06-12 23:26:34,42,dadar,23:00-00:00,18.5204,73.8567,0.3285,0
UNKNOWN,-1,No Helmet,2026-06-12 23:26:36,45,dadar,23:00-00:00,18.5204,73.8567,0.1582,0
UNKNOWN,7,Triple Riding,2026-06-12 23:26:52,78,dadar,23:00-00:00,18.5204,73.8567,0.5755,3
UNKNOWN,-1,No Helmet,2026-06-12 23:27:18,111,dadar,23:00-00:00,18.5204,73.8567,0.1521,0
UNKNOWN,7,Triple Riding,2026-06-12 23:27:26,123,dadar,23:00-00:00,18.5204,73.8567,0.4586,3
UNKNOWN,7,Triple Riding,2026-06-12 23:28:22,189,dadar,23:00-00:00,18.5204,73.8567,0.3884,3
