Vehicle Number,Violation Type,Timestamp,Location,Latitude,Longitude,Confidence Score
UNKNOWN,Signal Jumping,2026-05-19 19:22:48,Junction A,18.5204,73.8567,0.95
UNKNOWN,Signal Jumping,2026-05-19 19:22:48,Junction A,18.5204,73.8567,0.95
UNKNOWN,Signal Jumping,2026-05-19 19:22:56,Junction A,18.5204,73.8567,0.95
UNKNOWN,Signal Jumping,2026-05-19 19:22:56,Junction A,18.5204,73.8567,0.95
UNKNOWN,Signal Jumping,2026-05-19 19:22:57,Junction A,18.5204,73.8567,0.95
UNKNOWN,Signal Jumping,2026-05-19 19:22:57,Junction A,18.5204,73.8567,0.95
UNKNOWN,Signal Jumping,2026-05-19 19:22:59,Junction A,18.5204,73.8567,0.95
UNKNOWN,Signal Jumping,2026-05-19 19:22:59,Junction A,18.5204,73.8567,0.95
UNKNOWN,Signal Jumping,2026-05-19 19:23:00,Junction A,18.5204,73.8567,0.95
UNKNOWN,Signal Jumping,2026-05-19 19:23:00,Junction A,18.5204,73.8567,0.95
UNKNOWN,Signal Jumping,2026-05-19 19:23:01,Junction A,18.5204,73.8567,0.95
UNKNOWN,Signal Jumping,2026-05-19 19:23:01,Junction A,18.5204,73.8567,0.95
UNKNOWN,Signal Jumping,2026-05-19 19:23:03,Junction A,18.5204,73.8567,0.95
UNKNOWN,Signal Jumping,2026-05-19 19:23:03,Junction A,18.5204,73.8567,0.95
UNKNOWN,Signal Jumping,2026-05-19 19:23:04,Junction A,18.5204,73.8567,0.95
UNKNOWN,Signal Jumping,2026-05-19 19:23:04,Junction A,18.5204,73.8567,0.95
UNKNOWN,Signal Jumping,2026-05-19 19:23:05,Junction A,18.5204,73.8567,0.95
UNKNOWN,Signal Jumping,2026-05-19 19:23:05,Junction A,18.5204,73.8567,0.95
UNKNOWN,Signal Jumping,2026-05-19 19:23:07,Junction A,18.5204,73.8567,0.95
UNKNOWN,Signal Jumping,2026-05-19 19:23:07,Junction A,18.5204,73.8567,0.95
UNKNOWN,Signal Jumping,2026-05-19 19:23:08,Junction A,18.5204,73.8567,0.95
UNKNOWN,Signal Jumping,2026-05-19 19:23:08,Junction A,18.5204,73.8567,0.95
UNKNOWN,Signal Jumping,2026-05-19 19:23:09,Junction A,18.5204,73.8567,0.95
UNKNOWN,Signal Jumping,2026-05-19 19:23:09,Junction A,18.5204,73.8567,0.95
UNKNOWN,Signal Jumping,2026-05-19 19:23:10,Junction A,18.5204,73.8567,0.95
UNKNOWN,Signal Jumping,2026-05-19 19:23:10,Junction A,18.5204,73.8567,0.95
UNKNOWN,Signal Jumping,2026-05-19 19:23:12,Junction A,18.5204,73.8567,0.95
UNKNOWN,Signal Jumping,2026-05-19 19:23:12,Junction A,18.5204,73.8567,0.95
UNKNOWN,Signal Jumping,2026-05-19 19:23:13,Junction A,18.5204,73.8567,0.95
UNKNOWN,Signal Jumping,2026-05-19 19:23:13,Junction A,18.5204,73.8567,0.95
UNKNOWN,Signal Jumping,2026-05-19 19:23:14,Junction A,18.5204,73.8567,0.95
UNKNOWN,Signal Jumping,2026-05-19 19:23:14,Junction A,18.5204,73.8567,0.95
UNKNOWN,Signal Jumping,2026-05-19 19:23:14,Junction A,18.5204,73.8567,0.95
UNKNOWN,Signal Jumping,2026-05-19 19:23:15,Junction A,18.5204,73.8567,0.95
UNKNOWN,Signal Jumping,2026-05-19 19:23:15,Junction A,18.5204,73.8567,0.95
UNKNOWN,Signal Jumping,2026-05-19 19:23:15,Junction A,18.5204,73.8567,0.95
UNKNOWN,Signal Jumping,2026-05-19 19:23:17,Junction A,18.5204,73.8567,0.95
UNKNOWN,Signal Jumping,2026-05-19 19:23:17,Junction A,18.5204,73.8567,0.95
UNKNOWN,Signal Jumping,2026-05-19 19:23:17,Junction A,18.5204,73.8567,0.95
UNKNOWN,Signal Jumping,2026-05-19 19:23:17,Junction A,18.5204,73.8567,0.95
UNKNOWN,Signal Jumping,2026-05-19 19:23:17,Junction A,18.5204,73.8567,0.95
UNKNOWN,Signal Jumping,2026-05-19 19:23:18,Junction A,18.5204,73.8567,0.95
UNKNOWN,Signal Jumping,2026-05-19 19:23:18,Junction A,18.5204,73.8567,0.95
UNKNOWN,Signal Jumping,2026-05-19 19:23:18,Junction A,18.5204,73.8567,0.95
UNKNOWN,Signal Jumping,2026-05-19 19:23:18,Junction A,18.5204,73.8567,0.95
UNKNOWN,Signal Jumping,2026-05-19 19:23:18,Junction A,18.5204,73.8567,0.95
UNKNOWN,Signal Jumping,2026-05-19 19:23:21,Junction A,18.5204,73.8567,0.95
UNKNOWN,Signal Jumping,2026-05-19 19:23:21,Junction A,18.5204,73.8567,0.95
UNKNOWN,Signal Jumping,2026-05-19 19:23:22,Junction A,18.5204,73.8567,0.95
UNKNOWN,Signal Jumping,2026-05-19 19:23:22,Junction A,18.5204,73.8567,0.95
UNKNOWN,Signal Jumping,2026-05-19 19:23:22,Junction A,18.5204,73.8567,0.95
UNKNOWN,Signal Jumping,2026-05-19 19:23:22,Junction A,18.5204,73.8567,0.95
UNKNOWN,Signal Jumping,2026-05-19 19:23:22,Junction A,18.5204,73.8567,0.95
UNKNOWN,Signal Jumping,2026-05-19 19:23:22,Junction A,18.5204,73.8567,0.95
UNKNOWN,Signal Jumping,2026-05-19 19:23:22,Junction A,18.5204,73.8567,0.95
UNKNOWN,Signal Jumping,2026-05-19 19:23:22,Junction A,18.5204,73.8567,0.95
UNKNOWN,Signal Jumping,2026-05-19 19:23:22,Junction A,18.5204,73.8567,0.95
UNKNOWN,Signal Jumping,2026-05-19 19:23:23,Junction A,18.5204,73.8567,0.95
UNKNOWN,Signal Jumping,2026-05-19 19:23:23,Junction A,18.5204,73.8567,0.95
UNKNOWN,Signal Jumping,2026-05-19 19:23:23,Junction A,18.5204,73.8567,0.95
UNKNOWN,Signal Jumping,2026-05-19 19:23:23,Junction A,18.5204,73.8567,0.95
UNKNOWN,Signal Jumping,2026-05-19 19:23:23,Junction A,18.5204,73.8567,0.95
UNKNOWN,Signal Jumping,2026-05-19 19:23:23,Junction A,18.5204,73.8567,0.95
UNKNOWN,Signal Jumping,2026-05-19 19:23:23,Junction A,18.5204,73.8567,0.95
UNKNOWN,Signal Jumping,2026-05-19 19:23:23,Junction A,18.5204,73.8567,0.95
UNKNOWN,Signal Jumping,2026-05-19 19:23:23,Junction A,18.5204,73.8567,0.95
UNKNOWN,Signal Jumping,2026-05-19 19:23:23,Junction A,18.5204,73.8567,0.95
UNKNOWN,Signal Jumping,2026-05-19 19:23:24,Junction A,18.5204,73.8567,0.95
UNKNOWN,Signal Jumping,2026-05-19 19:23:24,Junction A,18.5204,73.8567,0.95
UNKNOWN,Signal Jumping,2026-05-19 19:23:24,Junction A,18.5204,73.8567,0.95
UNKNOWN,Signal Jumping,2026-05-19 19:23:24,Junction A,18.5204,73.8567,0.95
UNKNOWN,Signal Jumping,2026-05-19 19:23:24,Junction A,18.5204,73.8567,0.95
UNKNOWN,Signal Jumping,2026-05-19 19:23:24,Junction A,18.5204,73.8567,0.95
UNKNOWN,Signal Jumping,2026-05-19 19:23:24,Junction A,18.5204,73.8567,0.95
UNKNOWN,Signal Jumping,2026-05-19 19:23:24,Junction A,18.5204,73.8567,0.95
UNKNOWN,Signal Jumping,2026-05-19 19:23:24,Junction A,18.5204,73.8567,0.95
UNKNOWN,Signal Jumping,2026-05-19 19:23:24,Junction A,18.5204,73.8567,0.95
UNKNOWN,Signal Jumping,2026-05-19 19:23:24,Junction A,18.5204,73.8567,0.95
UNKNOWN,Signal Jumping,2026-05-19 19:23:24,Junction A,18.5204,73.8567,0.95
UNKNOWN,Signal Jumping,2026-05-19 19:23:24,Junction A,18.5204,73.8567,0.95
UNKNOWN,Signal Jumping,2026-05-19 19:23:25,Junction A,18.5204,73.8567,0.95
UNKNOWN,Signal Jumping,2026-05-19 19:23:25,Junction A,18.5204,73.8567,0.95
UNKNOWN,Signal Jumping,2026-05-19 19:23:25,Junction A,18.5204,73.8567,0.95
UNKNOWN,Signal Jumping,2026-05-19 19:23:26,Junction A,18.5204,73.8567,0.95
UNKNOWN,Signal Jumping,2026-05-19 19:23:26,Junction A,18.5204,73.8567,0.95
UNKNOWN,Signal Jumping,2026-05-19 19:23:26,Junction A,18.5204,73.8567,0.95
UNKNOWN,Signal Jumping,2026-05-19 19:23:27,Junction A,18.5204,73.8567,0.95
UNKNOWN,Signal Jumping,2026-05-19 19:23:27,Junction A,18.5204,73.8567,0.95
UNKNOWN,Signal Jumping,2026-05-19 19:23:27,Junction A,18.5204,73.8567,0.95
UNKNOWN,Signal Jumping,2026-05-19 19:23:27,Junction A,18.5204,73.8567,0.95
UNKNOWN,Signal Jumping,2026-05-19 19:23:28,Junction A,18.5204,73.8567,0.95
UNKNOWN,Signal Jumping,2026-05-19 19:23:28,Junction A,18.5204,73.8567,0.95
UNKNOWN,Signal Jumping,2026-05-19 19:23:28,Junction A,18.5204,73.8567,0.95
UNKNOWN,Signal Jumping,2026-05-19 19:23:29,Junction A,18.5204,73.8567,0.95
UNKNOWN,Signal Jumping,2026-05-19 19:23:29,Junction A,18.5204,73.8567,0.95
UNKNOWN,Signal Jumping,2026-05-19 19:23:29,Junction A,18.5204,73.8567,0.95
UNKNOWN,Signal Jumping,2026-05-19 19:23:30,Junction A,18.5204,73.8567,0.95
UNKNOWN,Signal Jumping,2026-05-19 19:23:31,Junction A,18.5204,73.8567,0.95
UNKNOWN,Signal Jumping,2026-05-19 19:23:31,Junction A,18.5204,73.8567,0.95
UNKNOWN,Signal Jumping,2026-05-19 19:23:31,Junction A,18.5204,73.8567,0.95
UNKNOWN,Signal Jumping,2026-05-19 19:23:32,Junction A,18.5204,73.8567,0.95
UNKNOWN,Signal Jumping,2026-05-19 19:23:32,Junction A,18.5204,73.8567,0.95
UNKNOWN,Signal Jumping,2026-05-19 19:23:32,Junction A,18.5204,73.8567,0.95
UNKNOWN,Signal Jumping,2026-05-19 19:23:32,Junction A,18.5204,73.8567,0.95
UNKNOWN,Signal Jumping,2026-05-19 19:23:33,Junction A,18.5204,73.8567,0.95
UNKNOWN,Signal Jumping,2026-05-19 19:23:33,Junction A,18.5204,73.8567,0.95
UNKNOWN,Signal Jumping,2026-05-19 19:23:33,Junction A,18.5204,73.8567,0.95
UNKNOWN,Signal Jumping,2026-05-19 19:23:34,Junction A,18.5204,73.8567,0.95
UNKNOWN,Signal Jumping,2026-05-19 19:23:34,Junction A,18.5204,73.8567,0.95
UNKNOWN,Signal Jumping,2026-05-19 19:23:34,Junction A,18.5204,73.8567,0.95
UNKNOWN,Signal Jumping,2026-05-19 19:23:35,Junction A,18.5204,73.8567,0.95
UNKNOWN,Signal Jumping,2026-05-19 19:23:35,Junction A,18.5204,73.8567,0.95
UNKNOWN,Signal Jumping,2026-05-19 19:23:35,Junction A,18.5204,73.8567,0.95
UNKNOWN,Signal Jumping,2026-05-19 19:23:35,Junction A,18.5204,73.8567,0.95
UNKNOWN,Signal Jumping,2026-05-19 19:23:36,Junction A,18.5204,73.8567,0.95
UNKNOWN,Signal Jumping,2026-05-19 19:23:36,Junction A,18.5204,73.8567,0.95
UNKNOWN,Signal Jumping,2026-05-19 19:23:36,Junction A,18.5204,73.8567,0.95
UNKNOWN,Signal Jumping,2026-05-19 19:23:37,Junction A,18.5204,73.8567,0.95
UNKNOWN,Signal Jumping,2026-05-19 19:23:37,Junction A,18.5204,73.8567,0.95
UNKNOWN,Signal Jumping,2026-05-19 19:23:37,Junction A,18.5204,73.8567,0.95
UNKNOWN,Signal Jumping,2026-05-19 19:23:38,Junction A,18.5204,73.8567,0.95
UNKNOWN,Signal Jumping,2026-05-19 19:23:38,Junction A,18.5204,73.8567,0.95
UNKNOWN,Signal Jumping,2026-05-19 19:23:38,Junction A,18.5204,73.8567,0.95
UNKNOWN,Signal Jumping,2026-05-19 19:23:38,Junction A,18.5204,73.8567,0.95
UNKNOWN,Signal Jumping,2026-05-19 19:23:39,Junction A,18.5204,73.8567,0.95
UNKNOWN,Signal Jumping,2026-05-19 19:23:39,Junction A,18.5204,73.8567,0.95
UNKNOWN,Signal Jumping,2026-05-19 19:23:39,Junction A,18.5204,73.8567,0.95
UNKNOWN,Signal Jumping,2026-05-19 19:23:39,Junction A,18.5204,73.8567,0.95
UNKNOWN,Signal Jumping,2026-05-19 19:23:40,Junction A,18.5204,73.8567,0.95
UNKNOWN,Signal Jumping,2026-05-19 19:23:40,Junction A,18.5204,73.8567,0.95
UNKNOWN,Signal Jumping,2026-05-19 19:23:40,Junction A,18.5204,73.8567,0.95
UNKNOWN,Signal Jumping,2026-05-19 19:23:40,Junction A,18.5204,73.8567,0.95
UNKNOWN,Signal Jumping,2026-05-19 19:23:40,Junction A,18.5204,73.8567,0.95
UNKNOWN,Signal Jumping,2026-05-19 19:23:40,Junction A,18.5204,73.8567,0.95
UNKNOWN,Signal Jumping,2026-05-19 19:23:41,Junction A,18.5204,73.8567,0.95
UNKNOWN,Signal Jumping,2026-05-19 19:23:41,Junction A,18.5204,73.8567,0.95
UNKNOWN,Signal Jumping,2026-05-19 19:23:41,Junction A,18.5204,73.8567,0.95
UNKNOWN,Signal Jumping,2026-05-19 19:23:41,Junction A,18.5204,73.8567,0.95
UNKNOWN,Signal Jumping,2026-05-19 19:23:41,Junction A,18.5204,73.8567,0.95
UNKNOWN,Signal Jumping,2026-05-19 19:23:41,Junction A,18.5204,73.8567,0.95
UNKNOWN,Signal Jumping,2026-05-19 19:23:41,Junction A,18.5204,73.8567,0.95
UNKNOWN,Signal Jumping,2026-05-19 19:23:41,Junction A,18.5204,73.8567,0.95
UNKNOWN,Signal Jumping,2026-05-19 19:23:41,Junction A,18.5204,73.8567,0.95
UNKNOWN,Signal Jumping,2026-05-19 19:23:42,Junction A,18.5204,73.8567,0.95
UNKNOWN,Signal Jumping,2026-05-19 19:23:42,Junction A,18.5204,73.8567,0.95
UNKNOWN,Signal Jumping,2026-05-19 19:23:42,Junction A,18.5204,73.8567,0.95
UNKNOWN,Signal Jumping,2026-05-19 19:23:42,Junction A,18.5204,73.8567,0.95
UNKNOWN,Signal Jumping,2026-05-19 19:23:42,Junction A,18.5204,73.8567,0.95
UNKNOWN,Signal Jumping,2026-05-19 19:23:42,Junction A,18.5204,73.8567,0.95
UNKNOWN,Signal Jumping,2026-05-19 19:23:42,Junction A,18.5204,73.8567,0.95
UNKNOWN,Signal Jumping,2026-05-19 19:23:42,Junction A,18.5204,73.8567,0.95
UNKNOWN,Signal Jumping,2026-05-19 19:23:42,Junction A,18.5204,73.8567,0.95
UNKNOWN,Signal Jumping,2026-05-19 19:23:43,Junction A,18.5204,73.8567,0.95
UNKNOWN,Signal Jumping,2026-05-19 19:23:43,Junction A,18.5204,73.8567,0.95
UNKNOWN,Signal Jumping,2026-05-19 19:23:43,Junction A,18.5204,73.8567,0.95
UNKNOWN,Signal Jumping,2026-05-19 19:23:43,Junction A,18.5204,73.8567,0.95
UNKNOWN,Signal Jumping,2026-05-19 19:23:43,Junction A,18.5204,73.8567,0.95
UNKNOWN,Signal Jumping,2026-05-19 19:23:43,Junction A,18.5204,73.8567,0.95
UNKNOWN,Signal Jumping,2026-05-19 19:23:43,Junction A,18.5204,73.8567,0.95
UNKNOWN,Signal Jumping,2026-05-19 19:23:44,Junction A,18.5204,73.8567,0.95
UNKNOWN,Signal Jumping,2026-05-19 19:23:44,Junction A,18.5204,73.8567,0.95
UNKNOWN,Signal Jumping,2026-05-19 19:23:44,Junction A,18.5204,73.8567,0.95
UNKNOWN,Signal Jumping,2026-05-19 19:23:44,Junction A,18.5204,73.8567,0.95
UNKNOWN,Signal Jumping,2026-05-19 19:23:44,Junction A,18.5204,73.8567,0.95
UNKNOWN,Signal Jumping,2026-05-19 19:23:44,Junction A,18.5204,73.8567,0.95
UNKNOWN,Signal Jumping,2026-05-19 19:23:44,Junction A,18.5204,73.8567,0.95
UNKNOWN,Signal Jumping,2026-05-19 19:23:45,Junction A,18.5204,73.8567,0.95
UNKNOWN,Signal Jumping,2026-05-19 19:23:45,Junction A,18.5204,73.8567,0.95
UNKNOWN,Signal Jumping,2026-05-19 19:23:45,Junction A,18.5204,73.8567,0.95
UNKNOWN,Signal Jumping,2026-05-19 19:23:45,Junction A,18.5204,73.8567,0.95
UNKNOWN,Signal Jumping,2026-05-19 19:23:45,Junction A,18.5204,73.8567,0.95
UNKNOWN,Signal Jumping,2026-05-19 19:23:45,Junction A,18.5204,73.8567,0.95
UNKNOWN,Signal Jumping,2026-05-19 19:23:45,Junction A,18.5204,73.8567,0.95
UNKNOWN,Signal Jumping,2026-05-19 19:23:46,Junction A,18.5204,73.8567,0.95
UNKNOWN,Signal Jumping,2026-05-19 19:23:46,Junction A,18.5204,73.8567,0.95
UNKNOWN,Signal Jumping,2026-05-19 19:23:46,Junction A,18.5204,73.8567,0.95
UNKNOWN,Signal Jumping,2026-05-19 19:23:46,Junction A,18.5204,73.8567,0.95
UNKNOWN,Signal Jumping,2026-05-19 19:23:46,Junction A,18.5204,73.8567,0.95
UNKNOWN,Signal Jumping,2026-05-19 19:23:46,Junction A,18.5204,73.8567,0.95
UNKNOWN,Signal Jumping,2026-05-19 19:23:47,Junction A,18.5204,73.8567,0.95
UNKNOWN,Signal Jumping,2026-05-19 19:23:47,Junction A,18.5204,73.8567,0.95
UNKNOWN,Signal Jumping,2026-05-19 19:23:47,Junction A,18.5204,73.8567,0.95
UNKNOWN,Signal Jumping,2026-05-19 19:23:47,Junction A,18.5204,73.8567,0.95
UNKNOWN,Signal Jumping,2026-05-19 19:23:47,Junction A,18.5204,73.8567,0.95
UNKNOWN,Signal Jumping,2026-05-19 19:23:47,Junction A,18.5204,73.8567,0.95
UNKNOWN,Signal Jumping,2026-05-19 19:23:47,Junction A,18.5204,73.8567,0.95
UNKNOWN,Signal Jumping,2026-05-19 19:23:48,Junction A,18.5204,73.8567,0.95
UNKNOWN,Signal Jumping,2026-05-19 19:23:48,Junction A,18.5204,73.8567,0.95
UNKNOWN,Signal Jumping,2026-05-19 19:23:48,Junction A,18.5204,73.8567,0.95
UNKNOWN,Signal Jumping,2026-05-19 19:23:48,Junction A,18.5204,73.8567,0.95
UNKNOWN,Signal Jumping,2026-05-19 19:23:48,Junction A,18.5204,73.8567,0.95
UNKNOWN,Signal Jumping,2026-05-19 19:23:48,Junction A,18.5204,73.8567,0.95
UNKNOWN,Signal Jumping,2026-05-19 19:23:48,Junction A,18.5204,73.8567,0.95
UNKNOWN,Signal Jumping,2026-05-19 19:23:48,Junction A,18.5204,73.8567,0.95
UNKNOWN,Signal Jumping,2026-05-19 19:23:48,Junction A,18.5204,73.8567,0.95
UNKNOWN,Signal Jumping,2026-05-19 19:23:49,Junction A,18.5204,73.8567,0.95
UNKNOWN,Signal Jumping,2026-05-19 19:23:49,Junction A,18.5204,73.8567,0.95
UNKNOWN,Signal Jumping,2026-05-19 19:23:49,Junction A,18.5204,73.8567,0.95
UNKNOWN,Signal Jumping,2026-05-19 19:23:49,Junction A,18.5204,73.8567,0.95
UNKNOWN,Signal Jumping,2026-05-19 19:23:49,Junction A,18.5204,73.8567,0.95
UNKNOWN,Signal Jumping,2026-05-19 19:23:49,Junction A,18.5204,73.8567,0.95
UNKNOWN,Signal Jumping,2026-05-19 19:23:49,Junction A,18.5204,73.8567,0.95
UNKNOWN,Signal Jumping,2026-05-19 19:23:50,Junction A,18.5204,73.8567,0.95
UNKNOWN,Signal Jumping,2026-05-19 19:23:50,Junction A,18.5204,73.8567,0.95
UNKNOWN,Signal Jumping,2026-05-19 19:23:50,Junction A,18.5204,73.8567,0.95
UNKNOWN,Signal Jumping,2026-05-19 19:23:50,Junction A,18.5204,73.8567,0.95
UNKNOWN,Signal Jumping,2026-05-19 19:23:50,Junction A,18.5204,73.8567,0.95
UNKNOWN,Signal Jumping,2026-05-19 19:23:50,Junction A,18.5204,73.8567,0.95
UNKNOWN,Signal Jumping,2026-05-19 19:23:50,Junction A,18.5204,73.8567,0.95
UNKNOWN,Signal Jumping,2026-05-19 19:23:50,Junction A,18.5204,73.8567,0.95
UNKNOWN,Signal Jumping,2026-05-19 19:23:50,Junction A,18.5204,73.8567,0.95
UNKNOWN,Signal Jumping,2026-05-19 19:23:50,Junction A,18.5204,73.8567,0.95
UNKNOWN,Signal Jumping,2026-05-19 19:23:50,Junction A,18.5204,73.8567,0.95
UNKNOWN,Signal Jumping,2026-05-19 19:23:51,Junction A,18.5204,73.8567,0.95
UNKNOWN,Signal Jumping,2026-05-19 19:23:51,Junction A,18.5204,73.8567,0.95
UNKNOWN,Signal Jumping,2026-05-19 19:23:51,Junction A,18.5204,73.8567,0.95
UNKNOWN,Signal Jumping,2026-05-19 19:23:51,Junction A,18.5204,73.8567,0.95
UNKNOWN,Signal Jumping,2026-05-19 19:23:51,Junction A,18.5204,73.8567,0.95
UNKNOWN,Signal Jumping,2026-05-19 19:23:51,Junction A,18.5204,73.8567,0.95
UNKNOWN,Signal Jumping,2026-05-19 19:23:52,Junction A,18.5204,73.8567,0.95
UNKNOWN,Signal Jumping,2026-05-19 19:23:52,Junction A,18.5204,73.8567,0.95
UNKNOWN,Signal Jumping,2026-05-19 19:23:52,Junction A,18.5204,73.8567,0.95
UNKNOWN,Signal Jumping,2026-05-19 19:23:52,Junction A,18.5204,73.8567,0.95
UNKNOWN,Signal Jumping,2026-05-19 19:23:52,Junction A,18.5204,73.8567,0.95
UNKNOWN,Signal Jumping,2026-05-19 19:23:52,Junction A,18.5204,73.8567,0.95
UNKNOWN,Signal Jumping,2026-05-19 19:23:53,Junction A,18.5204,73.8567,0.95
UNKNOWN,Signal Jumping,2026-05-19 19:23:53,Junction A,18.5204,73.8567,0.95
UNKNOWN,Signal Jumping,2026-05-19 19:23:53,Junction A,18.5204,73.8567,0.95
UNKNOWN,Signal Jumping,2026-05-19 19:23:53,Junction A,18.5204,73.8567,0.95
UNKNOWN,Signal Jumping,2026-05-19 19:23:53,Junction A,18.5204,73.8567,0.95
UNKNOWN,Signal Jumping,2026-05-19 19:23:53,Junction A,18.5204,73.8567,0.95
UNKNOWN,Signal Jumping,2026-05-19 19:23:54,Junction A,18.5204,73.8567,0.95
UNKNOWN,Signal Jumping,2026-05-19 19:23:54,Junction A,18.5204,73.8567,0.95
UNKNOWN,Signal Jumping,2026-05-19 19:23:54,Junction A,18.5204,73.8567,0.95
UNKNOWN,Signal Jumping,2026-05-19 19:23:54,Junction A,18.5204,73.8567,0.95
UNKNOWN,Signal Jumping,2026-05-19 19:23:55,Junction A,18.5204,73.8567,0.95
UNKNOWN,Signal Jumping,2026-05-19 19:23:55,Junction A,18.5204,73.8567,0.95
UNKNOWN,Signal Jumping,2026-05-19 19:23:55,Junction A,18.5204,73.8567,0.95
UNKNOWN,Signal Jumping,2026-05-19 19:23:56,Junction A,18.5204,73.8567,0.95
UNKNOWN,Signal Jumping,2026-05-19 19:23:56,Junction A,18.5204,73.8567,0.95
UNKNOWN,Signal Jumping,2026-05-19 19:23:56,Junction A,18.5204,73.8567,0.95
UNKNOWN,Signal Jumping,2026-05-19 19:23:56,Junction A,18.5204,73.8567,0.95
UNKNOWN,Signal Jumping,2026-05-19 19:23:57,Junction A,18.5204,73.8567,0.95
UNKNOWN,Signal Jumping,2026-05-19 19:23:57,Junction A,18.5204,73.8567,0.95
UNKNOWN,Signal Jumping,2026-05-19 19:23:57,Junction A,18.5204,73.8567,0.95
UNKNOWN,Signal Jumping,2026-05-19 19:23:57,Junction A,18.5204,73.8567,0.95
UNKNOWN,Signal Jumping,2026-05-19 19:23:57,Junction A,18.5204,73.8567,0.95
UNKNOWN,Signal Jumping,2026-05-19 19:23:57,Junction A,18.5204,73.8567,0.95
UNKNOWN,Signal Jumping,2026-05-19 19:23:57,Junction A,18.5204,73.8567,0.95
UNKNOWN,Signal Jumping,2026-05-19 19:23:57,Junction A,18.5204,73.8567,0.95
UNKNOWN,Signal Jumping,2026-05-19 19:23:58,Junction A,18.5204,73.8567,0.95
UNKNOWN,Signal Jumping,2026-05-19 19:23:58,Junction A,18.5204,73.8567,0.95
UNKNOWN,Signal Jumping,2026-05-19 19:23:58,Junction A,18.5204,73.8567,0.95
UNKNOWN,Signal Jumping,2026-05-19 19:23:58,Junction A,18.5204,73.8567,0.95
UNKNOWN,Signal Jumping,2026-05-19 19:23:58,Junction A,18.5204,73.8567,0.95
UNKNOWN,Signal Jumping,2026-05-19 19:23:59,Junction A,18.5204,73.8567,0.95
UNKNOWN,Signal Jumping,2026-05-19 19:23:59,Junction A,18.5204,73.8567,0.95
UNKNOWN,Signal Jumping,2026-05-19 19:23:59,Junction A,18.5204,73.8567,0.95
UNKNOWN,Signal Jumping,2026-05-19 19:23:59,Junction A,18.5204,73.8567,0.95
UNKNOWN,Signal Jumping,2026-05-19 19:23:59,Junction A,18.5204,73.8567,0.95
UNKNOWN,Signal Jumping,2026-05-19 19:23:59,Junction A,18.5204,73.8567,0.95
UNKNOWN,Signal Jumping,2026-05-19 19:24:00,Junction A,18.5204,73.8567,0.95
UNKNOWN,Signal Jumping,2026-05-19 19:24:00,Junction A,18.5204,73.8567,0.95
UNKNOWN,Signal Jumping,2026-05-19 19:24:00,Junction A,18.5204,73.8567,0.95
UNKNOWN,Signal Jumping,2026-05-19 19:24:00,Junction A,18.5204,73.8567,0.95
UNKNOWN,Signal Jumping,2026-05-19 19:24:01,Junction A,18.5204,73.8567,0.95
UNKNOWN,Signal Jumping,2026-05-19 19:24:01,Junction A,18.5204,73.8567,0.95
UNKNOWN,Signal Jumping,2026-05-19 19:24:01,Junction A,18.5204,73.8567,0.95
UNKNOWN,Signal Jumping,2026-05-19 19:24:01,Junction A,18.5204,73.8567,0.95
UNKNOWN,Signal Jumping,2026-05-19 19:24:03,Junction A,18.5204,73.8567,0.95
UNKNOWN,Signal Jumping,2026-05-19 19:24:03,Junction A,18.5204,73.8567,0.95
UNKNOWN,Signal Jumping,2026-05-19 19:24:04,Junction A,18.5204,73.8567,0.95
UNKNOWN,Signal Jumping,2026-05-19 19:24:04,Junction A,18.5204,73.8567,0.95
UNKNOWN,Signal Jumping,2026-05-19 19:24:04,Junction A,18.5204,73.8567,0.95
UNKNOWN,Signal Jumping,2026-05-19 19:24:05,Junction A,18.5204,73.8567,0.95
UNKNOWN,Signal Jumping,2026-05-19 19:24:05,Junction A,18.5204,73.8567,0.95
UNKNOWN,Signal Jumping,2026-05-19 19:24:05,Junction A,18.5204,73.8567,0.95
UNKNOWN,Signal Jumping,2026-05-19 19:24:05,Junction A,18.5204,73.8567,0.95
UNKNOWN,Signal Jumping,2026-05-19 19:24:05,Junction A,18.5204,73.8567,0.95
UNKNOWN,Signal Jumping,2026-05-19 19:24:05,Junction A,18.5204,73.8567,0.95
UNKNOWN,Signal Jumping,2026-05-19 19:24:06,Junction A,18.5204,73.8567,0.95
UNKNOWN,Signal Jumping,2026-05-19 19:24:06,Junction A,18.5204,73.8567,0.95
UNKNOWN,Signal Jumping,2026-05-19 19:24:06,Junction A,18.5204,73.8567,0.95
UNKNOWN,Signal Jumping,2026-05-19 19:24:06,Junction A,18.5204,73.8567,0.95
UNKNOWN,Triple Riding,2026-05-19 19:24:06,Junction A,18.5204,73.8567,0.9
UNKNOWN,Signal Jumping,2026-05-19 19:24:06,Junction A,18.5204,73.8567,0.95
UNKNOWN,Signal Jumping,2026-05-19 19:24:06,Junction A,18.5204,73.8567,0.95
UNKNOWN,Signal Jumping,2026-05-19 19:24:06,Junction A,18.5204,73.8567,0.95
UNKNOWN,Signal Jumping,2026-05-19 19:24:06,Junction A,18.5204,73.8567,0.95
UNKNOWN,Signal Jumping,2026-05-19 19:24:07,Junction A,18.5204,73.8567,0.95
UNKNOWN,Signal Jumping,2026-05-19 19:24:07,Junction A,18.5204,73.8567,0.95
UNKNOWN,Signal Jumping,2026-05-19 19:24:07,Junction A,18.5204,73.8567,0.95
UNKNOWN,Signal Jumping,2026-05-19 19:24:07,Junction A,18.5204,73.8567,0.95
UNKNOWN,Signal Jumping,2026-05-19 19:24:07,Junction A,18.5204,73.8567,0.95
UNKNOWN,Signal Jumping,2026-05-19 19:24:08,Junction A,18.5204,73.8567,0.95
UNKNOWN,Signal Jumping,2026-05-19 19:24:08,Junction A,18.5204,73.8567,0.95
UNKNOWN,Signal Jumping,2026-05-19 19:24:08,Junction A,18.5204,73.8567,0.95
UNKNOWN,Signal Jumping,2026-05-19 19:24:09,Junction A,18.5204,73.8567,0.95
UNKNOWN,Signal Jumping,2026-05-19 19:24:10,Junction A,18.5204,73.8567,0.95
UNKNOWN,Signal Jumping,2026-05-19 19:24:11,Junction A,18.5204,73.8567,0.95
UNKNOWN,Signal Jumping,2026-05-19 19:24:11,Junction A,18.5204,73.8567,0.95
UNKNOWN,Signal Jumping,2026-05-19 19:24:11,Junction A,18.5204,73.8567,0.95
UNKNOWN,Signal Jumping,2026-05-19 19:24:12,Junction A,18.5204,73.8567,0.95
UNKNOWN,Signal Jumping,2026-05-19 19:24:12,Junction A,18.5204,73.8567,0.95
UNKNOWN,Signal Jumping,2026-05-19 19:24:12,Junction A,18.5204,73.8567,0.95
UNKNOWN,Signal Jumping,2026-05-19 19:24:13,Junction A,18.5204,73.8567,0.95
UNKNOWN,Signal Jumping,2026-05-19 19:24:13,Junction A,18.5204,73.8567,0.95
UNKNOWN,Signal Jumping,2026-05-19 19:24:14,Junction A,18.5204,73.8567,0.95
UNKNOWN,Signal Jumping,2026-05-19 19:24:14,Junction A,18.5204,73.8567,0.95
UNKNOWN,Signal Jumping,2026-05-19 19:24:14,Junction A,18.5204,73.8567,0.95
UNKNOWN,Signal Jumping,2026-05-19 19:24:14,Junction A,18.5204,73.8567,0.95
UNKNOWN,Signal Jumping,2026-05-19 19:24:15,Junction A,18.5204,73.8567,0.95
UNKNOWN,Signal Jumping,2026-05-19 19:24:15,Junction A,18.5204,73.8567,0.95
UNKNOWN,Signal Jumping,2026-05-19 19:24:15,Junction A,18.5204,73.8567,0.95
UNKNOWN,Signal Jumping,2026-05-19 19:24:16,Junction A,18.5204,73.8567,0.95
UNKNOWN,Signal Jumping,2026-05-19 19:24:16,Junction A,18.5204,73.8567,0.95
UNKNOWN,Signal Jumping,2026-05-19 19:24:16,Junction A,18.5204,73.8567,0.95
UNKNOWN,Signal Jumping,2026-05-19 19:24:17,Junction A,18.5204,73.8567,0.95
UNKNOWN,Signal Jumping,2026-05-19 19:24:17,Junction A,18.5204,73.8567,0.95
UNKNOWN,Signal Jumping,2026-05-19 19:24:17,Junction A,18.5204,73.8567,0.95
UNKNOWN,Signal Jumping,2026-05-19 19:24:17,Junction A,18.5204,73.8567,0.95
UNKNOWN,Signal Jumping,2026-05-19 19:24:18,Junction A,18.5204,73.8567,0.95
UNKNOWN,Signal Jumping,2026-05-19 19:24:18,Junction A,18.5204,73.8567,0.95
UNKNOWN,Signal Jumping,2026-05-19 19:29:02,Junction A,18.5204,73.8567,0.95
UNKNOWN,Signal Jumping,2026-05-19 19:29:25,Junction A,18.5204,73.8567,0.95
UNKNOWN,Triple Riding,2026-05-19 19:29:47,Junction A,18.5204,73.8567,0.9
UNKNOWN,Triple Riding,2026-05-19 19:29:47,Junction A,18.5204,73.8567,0.9
UNKNOWN,Triple Riding,2026-05-19 19:29:48,Junction A,18.5204,73.8567,0.9
UNKNOWN,Triple Riding,2026-05-19 19:29:48,Junction A,18.5204,73.8567,0.9
UNKNOWN,Triple Riding,2026-05-19 19:29:48,Junction A,18.5204,73.8567,0.9
UNKNOWN,Triple Riding,2026-05-19 19:29:49,Junction A,18.5204,73.8567,0.9
